DROP TABLE IF EXISTS public.chapter_access;
DROP TABLE IF EXISTS public.chapter_version;
DROP TABLE IF EXISTS public.chapter;
DROP TABLE IF EXISTS public.project;
DROP TABLE IF EXISTS public.person;
DROP TABLE IF EXISTS public.company;
DROP TABLE IF EXISTS public.language;

-- CREATE DATABASE ctrl
--  WITH OWNER = postgres
--       ENCODING = 'UTF8'
--       TABLESPACE = pg_default
--       CONNECTION LIMIT = -1;

-- Table: public.language

CREATE TABLE public.language
(
  language_id serial NOT NULL,
  language_name text NOT NULL,
  CONSTRAINT pk_language PRIMARY KEY (language_id)
);

-- Table: public.company

CREATE TABLE public.company
(
  company_id serial NOT NULL,
  company_name character varying(255) NOT NULL,
  CONSTRAINT pk_company_id PRIMARY KEY (company_id),
  CONSTRAINT unique_company_name UNIQUE (company_name)
);

CREATE UNIQUE INDEX idx_company_id
  ON public.company
  USING btree
  (company_id);

-- Table: public.person

CREATE TABLE public.person
(
  person_id serial NOT NULL,
  person_username text NOT NULL,
  person_company_id integer,
  person_language_id integer NOT NULL DEFAULT 1,
  CONSTRAINT pk_person PRIMARY KEY (person_id),
  CONSTRAINT fk_person_company FOREIGN KEY (person_company_id)
  REFERENCES public.company (company_id) MATCH SIMPLE
  ON UPDATE CASCADE ON DELETE CASCADE,
  CONSTRAINT fk_person_language FOREIGN KEY (person_language_id)
  REFERENCES public.language (language_id) MATCH SIMPLE
  ON UPDATE CASCADE ON DELETE CASCADE,
  CONSTRAINT person_username UNIQUE (person_username)
);

CREATE INDEX fki_person_company
  ON public.person
  USING btree
  (person_company_id);


-- Table: public.project

CREATE TABLE public.project
(
  project_id serial NOT NULL,
  project_company_id integer NOT NULL,
  project_name character varying(255) NOT NULL,
  CONSTRAINT pk_project PRIMARY KEY (project_id),
  CONSTRAINT fk_project_company FOREIGN KEY (project_company_id)
  REFERENCES public.company (company_id) MATCH SIMPLE
  ON UPDATE NO ACTION ON DELETE NO ACTION
);

CREATE INDEX fki_project_company
  ON public.project
  USING btree
  (project_company_id);

-- Table: public.chapter

CREATE TABLE public.chapter
(
  chapter_id serial NOT NULL,
  chapter_project_id integer NOT NULL,
  chapter_name text NOT NULL,
  CONSTRAINT pk_textpart PRIMARY KEY (chapter_id),
  CONSTRAINT fk_chapter_project FOREIGN KEY (chapter_project_id)
  REFERENCES public.project (project_id) MATCH SIMPLE
  ON UPDATE NO ACTION ON DELETE NO ACTION
);

CREATE INDEX fki_chapter_project
  ON public.chapter
  USING btree
  (chapter_project_id);

-- Table: public.chapter_version

CREATE TABLE public.chapter_version
(
  chapter_version_id serial NOT NULL,
  chapter_version_chapter_id integer,
  chapter_version_number integer,
  chapter_version_create_date timestamp,
  chapter_version_person_id integer,
  chapter_version_appversion character varying(10),
  CONSTRAINT pk_textpart_version PRIMARY KEY (chapter_version_id),
  CONSTRAINT fk_chapter_version_chapter FOREIGN KEY (chapter_version_chapter_id)
  REFERENCES public.chapter (chapter_id) MATCH SIMPLE
  ON UPDATE CASCADE ON DELETE CASCADE,
  CONSTRAINT "fk_chapter_version_person_id-person_id" FOREIGN KEY (chapter_version_person_id)
  REFERENCES public.person (person_id) MATCH SIMPLE
  ON UPDATE RESTRICT ON DELETE RESTRICT
);

CREATE INDEX fki_chapter_version_chapter
  ON public.chapter_version
  USING btree
  (chapter_version_chapter_id);

CREATE INDEX "fki_chapter_version_checkout_pid-person_id"
  ON public.chapter_version
  USING btree
  (chapter_version_person_id);

CREATE INDEX idx_chapter_version_chapter_id
  ON public.chapter_version
  USING btree
  (chapter_version_id, chapter_version_chapter_id);

-- Table: public.chapter_access

CREATE TABLE public.chapter_access
(
  chapter_access_person_id integer NOT NULL,
  chapter_access_chapter_id integer NOT NULL,
  CONSTRAINT pk_chapter_access PRIMARY KEY (chapter_access_person_id, chapter_access_chapter_id),
  CONSTRAINT fk_chapter_access_chapter FOREIGN KEY (chapter_access_chapter_id)
      REFERENCES public.chapter (chapter_id) MATCH SIMPLE
      ON UPDATE CASCADE ON DELETE CASCADE,
  CONSTRAINT fk_chapter_access_person FOREIGN KEY (chapter_access_person_id)
      REFERENCES public.person (person_id) MATCH SIMPLE
      ON UPDATE CASCADE ON DELETE CASCADE
);

CREATE INDEX fki_chapter_access_chapter
  ON public.chapter_access
  USING btree
  (chapter_access_chapter_id);

CREATE INDEX fki_chapter_access_person
  ON public.chapter_access
  USING btree
  (chapter_access_person_id);


-- DATA
INSERT INTO language (language_id, language_name) VALUES
(1, 'Swedish'),
(2, 'English'),
(3, 'German');

INSERT INTO company (company_id, company_name) VALUES
(1, 'CtrlPrint'),
(2, 'Rad Agency'),
(3, 'Chimamanda Inc'),
(4, 'Hayes Agency'),
(5, 'Nesbo Farmers'),
(6, 'Poret');

INSERT INTO project (project_id, project_company_id, project_name) VALUES
(1, 3, 'Annual Report 2014'),
(2, 3, 'Annual Report 2015'),
(3, 3, 'Annual Report 2016'),
(4, 5, 'AR 2016');

INSERT INTO person (person_id, person_username, person_company_id, person_language_id) VALUES
(1, 'ctrl-an', 1, 1),
(2, 'ctrl-dev', 1, 1),
(3, 'rada-emil', 2, 2),
(4, 'rada-lova', 2, 2),
(5, 'rada-ingo', 2, 2),
(6, 'chim-joka', 3, 1),
(7, 'chim-soph', 3, 2),
(8, 'chim-juni', 3, 2),
(9, 'chim-mart', 3, 2),
(10, 'chim-mari', 3, 1),
(11, 'haye-annm', 4, 2),
(12, 'haye-assa', 4, 2),
(13, 'haye-kmw', 4, 2),
(14, 'haye-olle', 4, 2),
(15, 'haye-lovi', 4, 2),
(16, 'nesb-rich', 5, 1),
(17, 'nesb-elis', 5, 1),
(18, 'nesb-sama', 5, 1);

--select * from person;

INSERT INTO chapter (chapter_id, chapter_project_id, chapter_name) VALUES
(1, 1, 'Cover Page'),
(2, 1, 'Words from the CEO'),
(3, 1, 'Year in summary'),
(4, 2, 'Front Page'),
(5, 2, 'CEO on the stage'),
(6, 3, '01_Covers_Highlights'),
(7, 3, '02_Chairman_CEO_p2_5'),
(8, 3, '03_Group_At_A_Glance_p6_7'),
(9, 3, '04_KPIs_p8_9'),
(10, 3, '05_Markets_Bus_Model_p10_13'),
(11, 3, '06_Regions_p14_25'),
(12, 3, '07_Sustainability_p26_29'),
(13, 3, '08_Financial_Review_p30_33'),
(14, 3, '09_Risks_p34_39'),
(15, 3, '10_Governance_p40_48'),
(16, 3, '11_Governance_p49_57'),
(17, 3, '12_Rem_Report_p58_65'),
(18, 3, '13_Rem_Report_p66_72'),
(19, 3, '14_Group_Stats_p73_77'),
(20, 3, '15_Notes_p78_88'),
(21, 3, '16_Notes_p89_102'),
(22, 3, '17_Notes_p103_113'),
(23, 3, '18_Auditors_p114_117'),
(24, 3, '19_Company_Stats_p118_121'),
(25, 3, '20_Shareholder_p122_BC'),
(26, 4, '01 SV Omslag'),
(27, 4, '02 SV Omslag insida fram-5'),
(28, 4, '03 SV 6-11'),
(29, 4, '04 SV 12-17'),
(30, 4, '05 SV 18-27'),
(31, 4, '06 SV 28-41'),
(32, 4, '07 SV 42-49'),
(33, 4, '08 SV 50-63'),
(34, 4, '09 SV 64-85'),
(35, 4, '10 SV 86-101'),
(36, 4, '11 SV 102-Omslag insida bak');

INSERT INTO chapter_version (chapter_version_id, chapter_version_person_id, chapter_version_chapter_id, chapter_version_number, chapter_version_create_date, chapter_version_appversion) VALUES
(318591, 6, 6, 47, '2016-10-05 14:01:46.163593', '11.0'),
(315518, 3, 6, 32, '2016-09-16 12:20:34.371529', '11.0'),
(318711, 6, 6, 48, '2016-10-05 16:54:01.691736', '11.0'),
(315555, 6, 6, 33, '2016-09-16 14:16:44.595262', '11.0'),
(315719, 6, 6, 34, '2016-09-19 10:36:58.827369', '11.0'),
(312220, 7, 6, 5, '2016-08-31 14:50:48.229202', '11.0'),
(316397, 4, 6, 35, '2016-09-22 08:32:08.615227', '11.0'),
(312875, 6, 6, 6, '2016-09-05 14:15:17.767511', '11.0'),
(312898, 6, 6, 7, '2016-09-05 15:08:48.183796', '11.0'),
(312947, 4, 6, 8, '2016-09-05 16:51:28.123999', '11.0'),
(316572, 4, 6, 36, '2016-09-22 14:33:33.90938', '11.0'),
(316604, 6, 6, 37, '2016-09-22 15:11:24.03773', '11.0'),
(319692, 6, 6, 49, '2016-10-10 13:48:41.479825', '11.0'),
(316682, 4, 6, 38, '2016-09-23 09:03:47.975937', '11.0'),
(313120, 6, 6, 9, '2016-09-06 13:36:45.512649', '11.0'),
(313132, 4, 6, 10, '2016-09-06 14:11:15.136045', '11.0'),
(316770, 6, 6, 4, '2016-09-23 14:11:10.132533', '11.0'),
(313220, 3, 6, 11, '2016-09-06 18:30:46.308596', '11.0'),
(309023, 6, 6, 0, '2016-08-15 11:39:50.403608', '11.0'),
(309024, 6, 6, 1, '2016-08-15 11:39:56.540169', '11.0'),
(309025, 6, 6, 2, '2016-08-15 11:40:32.577319', '11.0'),
(316813, 4, 6, 40, '2016-09-23 16:13:48.82478', '11.0'),
(316975, 6, 6, 41, '2016-09-26 13:50:53.262174', '11.0'),
(313249, 6, 6, 12, '2016-09-07 09:04:05.458058', '11.0'),
(313553, 6, 6, 13, '2016-09-08 15:08:34.326998', '11.0'),
(313590, 6, 6, 14, '2016-09-08 16:29:54.884551', '11.0'),
(309627, 6, 6, 3, '2016-08-17 11:31:45.25809', '11.0'),
(313756, 3, 6, 15, '2016-09-09 10:57:01.96975', '11.0'),
(313762, 3, 6, 16, '2016-09-09 11:11:52.365058', '11.0'),
(309815, 3, 6, 4, '2016-08-17 17:41:20.21997', '11.0'),
(313844, 6, 6, 17, '2016-09-09 14:16:28.309919', '11.0'),
(313865, 7, 6, 18, '2016-09-09 14:42:51.332151', '11.0'),
(314043, 3, 6, 19, '2016-09-12 10:59:27.859496', '11.0'),
(314080, 6, 6, 20, '2016-09-12 12:08:14.783448', '11.0'),
(314191, 4, 6, 21, '2016-09-12 16:07:38.171228', '11.0'),
(314412, 6, 6, 22, '2016-09-13 10:33:19.3496', '11.0'),
(314519, 3, 6, 23, '2016-09-13 13:49:58.298439', '11.0'),
(314596, 6, 6, 24, '2016-09-13 16:18:17.337237', '11.0'),
(314599, 3, 6, 25, '2016-09-13 16:28:08.291713', '11.0'),
(317957, 6, 6, 42, '2016-09-30 15:54:09.285575', '11.0'),
(314913, 6, 6, 26, '2016-09-14 15:37:41.004746', '11.0'),
(318165, 6, 6, 43, '2016-10-03 14:43:05.909149', '11.0'),
(318287, 6, 6, 44, '2016-10-04 09:08:42.938672', '11.0'),
(315164, 4, 6, 27, '2016-09-15 09:46:38.502304', '11.0'),
(315175, 6, 6, 28, '2016-09-15 10:01:02.608688', '11.0'),
(315199, 6, 6, 29, '2016-09-15 10:54:12.212117', '11.0'),
(315209, 6, 6, 30, '2016-09-15 11:15:00.746438', '11.0'),
(318445, 6, 6, 45, '2016-10-04 16:05:06.526056', '11.0'),
(315353, 6, 6, 31, '2016-09-15 16:20:24.116793', '11.0'),
(318572, 6, 6, 46, '2016-10-05 13:31:42.788046', '11.0'),
(318715, 6, 7, 4, '2016-10-05 16:57:29.246576', '11.0'),
(315557, 6, 7, 31, '2016-09-16 14:20:13.739989', '11.0'),
(315722, 6, 7, 32, '2016-09-19 10:39:54.388989', '11.0'),
(312283, 4, 7, 6, '2016-08-31 23:01:56.233233', '11.0'),
(312285, 4, 7, 7, '2016-08-31 23:13:55.506257', '11.0'),
(312496, 4, 7, 8, '2016-09-01 21:34:56.446382', '11.0'),
(312631, 7, 7, 9, '2016-09-02 14:14:55.764253', '11.0'),
(312723, 4, 7, 10, '2016-09-02 19:20:51.828471', '11.0'),
(312797, 3, 7, 11, '2016-09-05 09:59:19.542324', '11.0'),
(316476, 7, 7, 33, '2016-09-22 11:19:19.821862', '11.0'),
(312844, 3, 7, 12, '2016-09-05 12:53:42.092525', '11.0'),
(312884, 6, 7, 13, '2016-09-05 14:42:22.085382', '11.0'),
(316517, 6, 7, 34, '2016-09-22 13:00:08.465749', '11.0'),
(319698, 6, 7, 40, '2016-10-10 13:57:56.068802', '11.0'),
(316630, 7, 7, 35, '2016-09-22 16:19:27.316867', '11.0'),
(313117, 6, 7, 14, '2016-09-06 13:30:57.030973', '11.0'),
(309037, 6, 7, 2, '2016-08-15 12:00:51.698447', '11.0'),
(309035, 6, 7, 0, '2016-08-15 12:00:05.881227', '11.0'),
(309036, 6, 7, 1, '2016-08-15 12:00:10.741912', '11.0'),
(316978, 6, 7, 36, '2016-09-26 13:53:25.169756', '11.0'),
(313595, 6, 7, 15, '2016-09-08 16:39:21.734632', '11.0'),
(313629, 7, 7, 16, '2016-09-08 17:29:50.084192', '11.0'),
(313706, 6, 7, 17, '2016-09-09 09:52:48.048448', '11.0'),
(313765, 7, 7, 18, '2016-09-09 11:14:41.649058', '11.0'),
(309775, 3, 7, 3, '2016-08-17 16:24:09.078066', '11.0'),
(309777, 3, 7, 4, '2016-08-17 16:25:37.610705', '11.0'),
(309818, 3, 7, 5, '2016-08-17 18:11:28.004904', '11.0'),
(313848, 7, 7, 19, '2016-09-09 14:23:46.536376', '11.0'),
(313868, 6, 7, 20, '2016-09-09 14:49:02.909538', '11.0'),
(314031, 6, 7, 21, '2016-09-12 10:38:35.340445', '11.0'),
(314146, 7, 7, 22, '2016-09-12 14:34:51.976799', '11.0'),
(314249, 4, 7, 23, '2016-09-12 19:39:45.169769', '11.0'),
(314256, 4, 7, 24, '2016-09-12 21:27:41.987696', '11.0'),
(314440, 6, 7, 25, '2016-09-13 11:13:26.106372', '11.0'),
(314499, 7, 7, 26, '2016-09-13 13:23:50.877182', '11.0'),
(314765, 6, 7, 27, '2016-09-14 11:46:10.110818', '11.0'),
(318172, 6, 7, 37, '2016-10-03 14:54:48.820242', '11.0'),
(315006, 10, 7, 28, '2016-09-14 18:21:07.121559', '11.0'),
(315196, 7, 7, 29, '2016-09-15 10:40:00.88459', '11.0'),
(315242, 6, 7, 30, '2016-09-15 11:45:48.819335', '11.0'),
(318463, 6, 7, 38, '2016-10-04 16:49:13.293039', '11.0'),
(319745, 6, 7, 41, '2016-10-10 15:12:10.582481', '11.0'),
(318714, 6, 8, 41, '2016-10-05 16:56:49.437454', '11.0'),
(315560, 6, 8, 33, '2016-09-16 14:26:17.216762', '11.0'),
(315721, 6, 8, 34, '2016-09-19 10:39:05.912204', '11.0'),
(312229, 7, 8, 5, '2016-08-31 15:00:41.655813', '11.0'),
(312278, 4, 8, 6, '2016-08-31 20:44:06.063685', '11.0'),
(312279, 4, 8, 7, '2016-08-31 20:45:34.057588', '11.0'),
(312282, 4, 8, 8, '2016-08-31 22:52:49.104772', '11.0'),
(312487, 4, 8, 9, '2016-09-01 21:21:06.395894', '11.0'),
(312503, 4, 8, 10, '2016-09-01 22:08:32.874178', '11.0'),
(312506, 4, 8, 11, '2016-09-01 22:19:02.155729', '11.0'),
(312698, 7, 8, 12, '2016-09-02 16:20:30.310892', '11.0'),
(312704, 9, 8, 13, '2016-09-02 16:40:07.283567', '11.0'),
(312722, 4, 8, 14, '2016-09-02 19:17:28.318577', '11.0'),
(316508, 6, 8, 35, '2016-09-22 12:42:36.595809', '11.0'),
(313118, 6, 8, 15, '2016-09-06 13:34:15.593676', '11.0'),
(316798, 6, 8, 36, '2016-09-23 15:11:04.673145', '11.0'),
(309033, 6, 8, 2, '2016-08-15 11:57:07.944657', '11.0'),
(309031, 6, 8, 0, '2016-08-15 11:55:37.017767', '11.0'),
(309032, 6, 8, 1, '2016-08-15 11:55:48.440427', '11.0'),
(316898, 6, 8, 37, '2016-09-26 10:28:18.039216', '11.0'),
(316977, 6, 8, 38, '2016-09-26 13:52:44.647915', '11.0'),
(313594, 6, 8, 16, '2016-09-08 16:38:33.946379', '11.0'),
(309750, 3, 8, 3, '2016-08-17 15:26:16.650054', '11.0'),
(309773, 3, 8, 4, '2016-08-17 16:17:38.936872', '11.0'),
(313866, 6, 8, 17, '2016-09-09 14:44:51.338393', '11.0'),
(313880, 6, 8, 18, '2016-09-09 15:27:12.982487', '11.0'),
(314108, 7, 8, 19, '2016-09-12 13:11:40.720535', '11.0'),
(314109, 7, 8, 20, '2016-09-12 13:23:30.704844', '11.0'),
(314203, 6, 8, 21, '2016-09-12 16:23:20.535453', '11.0'),
(314246, 4, 8, 22, '2016-09-12 19:20:41.231416', '11.0'),
(314250, 4, 8, 23, '2016-09-12 19:42:25.457643', '11.0'),
(314255, 4, 8, 24, '2016-09-12 21:25:20.562573', '11.0'),
(314257, 4, 8, 25, '2016-09-12 21:28:23.767948', '11.0'),
(314261, 4, 8, 26, '2016-09-12 22:16:42.87499', '11.0'),
(314437, 6, 8, 27, '2016-09-13 11:10:58.571399', '11.0'),
(314918, 6, 8, 28, '2016-09-14 15:40:38.107112', '11.0'),
(318166, 6, 8, 4, '2016-10-03 14:48:43.384787', '11.0'),
(314966, 6, 8, 29, '2016-09-14 16:42:24.234058', '11.0'),
(315138, 6, 8, 30, '2016-09-15 09:07:15.648306', '11.0'),
(315207, 6, 8, 31, '2016-09-15 11:08:18.564024', '11.0'),
(315273, 3, 8, 32, '2016-09-15 13:06:24.205465', '11.0'),
(318462, 6, 8, 40, '2016-10-04 16:47:45.108649', '11.0'),
(318635, 6, 9, 89, '2016-10-05 15:04:48.351511', '11.0'),
(318717, 6, 9, 90, '2016-10-05 17:01:01.035759', '11.0'),
(315568, 6, 9, 69, '2016-09-16 14:37:51.128349', '11.0'),
(315725, 6, 9, 70, '2016-09-19 10:49:15.691795', '11.0'),
(312211, 7, 9, 6, '2016-08-31 14:38:53.110661', '11.0'),
(312287, 4, 9, 7, '2016-09-01 00:18:49.952517', '11.0'),
(312303, 3, 9, 8, '2016-09-01 07:27:19.333404', '11.0'),
(312469, 9, 9, 9, '2016-09-01 16:53:41.826108', '11.0'),
(312480, 4, 9, 10, '2016-09-01 20:07:12.333251', '11.0'),
(312499, 4, 9, 11, '2016-09-01 21:49:51.491019', '11.0'),
(312500, 4, 9, 12, '2016-09-01 21:51:33.341628', '11.0'),
(312507, 4, 9, 13, '2016-09-01 22:20:44.105145', '11.0'),
(312548, 7, 9, 14, '2016-09-02 09:36:52.155606', '11.0'),
(312576, 8, 9, 15, '2016-09-02 10:41:28.026401', '11.0'),
(312580, 8, 9, 16, '2016-09-02 10:43:22.239526', '11.0'),
(312589, 8, 9, 17, '2016-09-02 11:27:34.027095', '11.0'),
(312705, 9, 9, 18, '2016-09-02 16:44:25.784623', '11.0'),
(312724, 4, 9, 19, '2016-09-02 20:06:44.283401', '11.0'),
(312726, 4, 9, 20, '2016-09-02 20:26:09.38959', '11.0'),
(312754, 4, 9, 21, '2016-09-02 21:22:30.902296', '11.0'),
(312757, 4, 9, 22, '2016-09-02 22:00:16.186205', '11.0'),
(312803, 6, 9, 23, '2016-09-05 10:12:03.042226', '11.0'),
(316461, 4, 9, 71, '2016-09-22 10:29:49.463408', '11.0'),
(316472, 4, 9, 72, '2016-09-22 10:57:27.691354', '11.0'),
(312862, 4, 9, 24, '2016-09-05 13:29:19.905445', '11.0'),
(312867, 6, 9, 25, '2016-09-05 13:57:24.306269', '11.0'),
(316537, 6, 9, 73, '2016-09-22 13:53:05.156716', '11.0'),
(312963, 6, 9, 26, '2016-09-05 17:41:20.905147', '11.0'),
(316618, 4, 9, 74, '2016-09-22 15:39:23.073072', '11.0'),
(319705, 6, 9, 91, '2016-10-10 14:06:06.201257', '11.0'),
(313088, 6, 9, 27, '2016-09-06 12:45:02.552926', '11.0'),
(313089, 6, 9, 28, '2016-09-06 12:48:29.831847', '11.0'),
(313140, 6, 9, 29, '2016-09-06 14:38:51.345926', '11.0'),
(313193, 6, 9, 30, '2016-09-06 16:28:02.842799', '11.0'),
(316786, 7, 9, 75, '2016-09-23 14:45:34.529256', '11.0'),
(316797, 6, 9, 76, '2016-09-23 15:04:50.874907', '11.0'),
(309043, 6, 9, 0, '2016-08-15 12:16:40.814053', '11.0'),
(309044, 6, 9, 1, '2016-08-15 12:16:56.548816', '11.0'),
(309045, 6, 9, 2, '2016-08-15 12:18:45.457923', '11.0'),
(313236, 4, 9, 32, '2016-09-07 08:20:03.423776', '11.0'),
(313208, 7, 9, 31, '2016-09-06 16:55:30.437926', '11.0'),
(316821, 7, 9, 77, '2016-09-23 16:51:15.660102', '11.0'),
(313327, 6, 9, 33, '2016-09-07 10:41:11.347514', '11.0'),
(316887, 6, 9, 78, '2016-09-26 10:08:47.312299', '11.0'),
(313400, 4, 9, 34, '2016-09-07 14:35:26.891805', '11.0'),
(316916, 4, 9, 79, '2016-09-26 11:11:14.169598', '11.0'),
(316919, 4, 9, 80, '2016-09-26 11:28:18.786396', '11.0'),
(316947, 4, 9, 81, '2016-09-26 12:57:02.123088', '11.0'),
(313452, 7, 9, 35, '2016-09-07 17:11:49.91802', '11.0'),
(316982, 6, 9, 82, '2016-09-26 13:56:01.622848', '11.0'),
(313493, 6, 9, 36, '2016-09-08 10:05:46.945078', '11.0'),
(317078, 6, 9, 83, '2016-09-26 15:42:31.347243', '11.0'),
(317079, 4, 9, 84, '2016-09-26 15:45:51.916581', '11.0'),
(313597, 6, 9, 37, '2016-09-08 16:40:22.313762', '11.0'),
(313688, 4, 9, 38, '2016-09-09 09:18:42.001686', '11.0'),
(313771, 6, 9, 4, '2016-09-09 11:22:29.539548', '11.0'),
(309792, 3, 9, 3, '2016-08-17 17:02:47.555245', '11.0'),
(309803, 3, 9, 4, '2016-08-17 17:28:39.492849', '11.0'),
(309817, 3, 9, 5, '2016-08-17 18:07:56.338161', '11.0'),
(313857, 7, 9, 40, '2016-09-09 14:38:24.032994', '11.0'),
(313869, 4, 9, 41, '2016-09-09 14:51:41.346588', '11.0'),
(313873, 6, 9, 42, '2016-09-09 15:05:41.55232', '11.0'),
(314021, 3, 9, 43, '2016-09-12 10:18:00.638505', '11.0'),
(314044, 6, 9, 44, '2016-09-12 11:06:06.914519', '11.0'),
(314107, 3, 9, 45, '2016-09-12 13:11:39.490664', '11.0'),
(314162, 7, 9, 46, '2016-09-12 15:20:34.787546', '11.0'),
(314177, 6, 9, 47, '2016-09-12 15:47:15.968', '11.0'),
(314208, 6, 9, 48, '2016-09-12 16:36:08.908328', '11.0'),
(314247, 4, 9, 49, '2016-09-12 19:23:56.659916', '11.0'),
(314253, 4, 9, 50, '2016-09-12 20:03:12.142846', '11.0'),
(314258, 4, 9, 51, '2016-09-12 21:32:31.981091', '11.0'),
(314288, 7, 9, 52, '2016-09-13 08:18:26.874316', '11.0'),
(314370, 6, 9, 53, '2016-09-13 09:49:25.758621', '11.0'),
(314411, 4, 9, 54, '2016-09-13 10:32:32.845213', '11.0'),
(314449, 6, 9, 55, '2016-09-13 11:34:39.593605', '11.0'),
(314527, 3, 9, 56, '2016-09-13 14:08:46.044189', '11.0'),
(314594, 6, 9, 57, '2016-09-13 16:16:53.971809', '11.0'),
(314737, 7, 9, 58, '2016-09-14 10:18:46.408328', '11.0'),
(314952, 4, 9, 9, '2016-09-14 16:17:07.811735', '11.0'),
(314963, 6, 9, 60, '2016-09-14 16:37:55.361076', '11.0'),
(314987, 7, 9, 61, '2016-09-14 17:13:33.253551', '11.0'),
(318215, 6, 9, 85, '2016-10-03 16:39:54.167426', '11.0'),
(315129, 7, 9, 62, '2016-09-15 08:49:46.489103', '11.0'),
(315204, 7, 9, 63, '2016-09-15 11:03:34.640339', '11.0'),
(318465, 6, 9, 86, '2016-10-04 17:04:34.77482', '11.0'),
(315298, 6, 9, 64, '2016-09-15 14:05:49.611836', '11.0'),
(315339, 4, 9, 65, '2016-09-15 15:32:45.168407', '11.0'),
(318511, 6, 9, 87, '2016-10-05 08:47:52.25327', '11.0'),
(315350, 6, 9, 66, '2016-09-15 16:00:00.772215', '11.0'),
(315356, 4, 9, 67, '2016-09-15 16:28:32.511708', '11.0'),
(315357, 6, 9, 68, '2016-09-15 16:34:47.973695', '11.0'),
(318586, 6, 9, 88, '2016-10-05 13:53:20.911132', '11.0'),
(319838, 6, 10, 61, '2016-10-10 16:43:59.906123', '11.0'),
(315519, 3, 10, 43, '2016-09-16 12:27:22.958114', '11.0'),
(318712, 6, 10, 9, '2016-10-05 16:54:59.93476', '11.0'),
(315720, 6, 10, 44, '2016-09-19 10:38:07.257552', '11.0'),
(312481, 4, 10, 3, '2016-09-01 20:23:53.546905', '11.0'),
(312495, 4, 10, 4, '2016-09-01 21:34:10.565329', '11.0'),
(312512, 4, 10, 5, '2016-09-01 23:02:09.614369', '11.0'),
(316411, 4, 10, 45, '2016-09-22 08:51:22.452962', '11.0'),
(312864, 6, 10, 6, '2016-09-05 13:39:00.761571', '11.0'),
(312940, 6, 10, 7, '2016-09-05 16:32:34.500665', '11.0'),
(312945, 3, 10, 8, '2016-09-05 16:46:00.450706', '11.0'),
(312953, 3, 10, 9, '2016-09-05 17:01:11.316931', '11.0'),
(312961, 6, 10, 10, '2016-09-05 17:32:40.663048', '11.0'),
(316599, 4, 10, 46, '2016-09-22 15:00:14.634911', '11.0'),
(319693, 6, 10, 60, '2016-10-10 13:53:44.454994', '11.0'),
(316606, 4, 10, 47, '2016-09-22 15:12:35.597285', '11.0'),
(316665, 4, 10, 48, '2016-09-23 08:27:09.393478', '11.0'),
(313090, 6, 10, 11, '2016-09-06 12:52:22.872695', '11.0'),
(313092, 6, 10, 12, '2016-09-06 12:53:44.847379', '11.0'),
(313130, 6, 10, 13, '2016-09-06 13:57:12.36542', '11.0'),
(316781, 6, 10, 49, '2016-09-23 14:30:59.609281', '11.0'),
(309027, 6, 10, 0, '2016-08-15 11:50:08.955104', '11.0'),
(309030, 6, 10, 2, '2016-08-15 11:51:09.39896', '11.0'),
(309028, 6, 10, 1, '2016-08-15 11:50:12.937464', '11.0'),
(316885, 4, 10, 50, '2016-09-26 09:53:34.299431', '11.0'),
(316894, 6, 10, 51, '2016-09-26 10:18:22.409022', '11.0'),
(316949, 4, 10, 52, '2016-09-26 12:58:40.193037', '11.0'),
(316976, 6, 10, 53, '2016-09-26 13:51:48.311061', '11.0'),
(317071, 6, 10, 54, '2016-09-26 15:39:54.013371', '11.0'),
(313587, 4, 10, 14, '2016-09-08 16:16:45.223993', '11.0'),
(313592, 6, 10, 15, '2016-09-08 16:37:32.028008', '11.0'),
(313825, 4, 10, 16, '2016-09-09 14:02:45.967201', '11.0'),
(313836, 6, 10, 17, '2016-09-09 14:07:02.208513', '11.0'),
(313850, 6, 10, 18, '2016-09-09 14:27:35.307228', '11.0'),
(313854, 4, 10, 19, '2016-09-09 14:37:48.92889', '11.0'),
(313872, 4, 10, 20, '2016-09-09 15:01:49.392274', '11.0'),
(313882, 6, 10, 21, '2016-09-09 15:31:11.765747', '11.0'),
(314028, 6, 10, 22, '2016-09-12 10:32:31.412417', '11.0'),
(314195, 6, 10, 23, '2016-09-12 16:12:06.283596', '11.0'),
(314225, 4, 10, 24, '2016-09-12 17:17:02.517', '11.0'),
(314232, 4, 10, 25, '2016-09-12 17:46:11.061204', '11.0'),
(314418, 6, 10, 26, '2016-09-13 10:46:35.441717', '11.0'),
(314598, 6, 10, 27, '2016-09-13 16:19:14.02852', '11.0'),
(314606, 4, 10, 28, '2016-09-13 16:52:12.851302', '11.0'),
(317952, 6, 10, 55, '2016-09-30 15:50:53.491418', '11.0'),
(314708, 4, 10, 29, '2016-09-14 09:32:37.194973', '11.0'),
(314734, 4, 10, 30, '2016-09-14 10:08:57.051313', '11.0'),
(314806, 6, 10, 31, '2016-09-14 13:09:33.162266', '11.0'),
(314915, 6, 10, 32, '2016-09-14 15:39:11.906512', '11.0'),
(314956, 4, 10, 33, '2016-09-14 16:23:08.906421', '11.0'),
(315158, 3, 10, 34, '2016-09-15 09:40:11.109202', '11.0'),
(315201, 4, 10, 35, '2016-09-15 10:57:35.48603', '11.0'),
(318456, 6, 10, 56, '2016-10-04 16:29:34.55511', '11.0'),
(315271, 4, 10, 36, '2016-09-15 13:03:26.660917', '11.0'),
(315278, 4, 10, 37, '2016-09-15 13:09:58.289514', '11.0'),
(315285, 6, 10, 38, '2016-09-15 13:34:32.394315', '11.0'),
(318506, 6, 10, 57, '2016-10-05 08:42:47.936041', '11.0'),
(315345, 4, 10, 4, '2016-09-15 15:47:54.697201', '11.0'),
(315351, 6, 10, 40, '2016-09-15 16:03:38.257457', '11.0'),
(315355, 6, 10, 41, '2016-09-15 16:28:17.712518', '11.0'),
(315366, 6, 10, 42, '2016-09-15 16:47:48.303755', '11.0'),
(318582, 6, 10, 58, '2016-10-05 13:45:56.984258', '11.0'),
(311715, 4, 11, 6, '2016-08-26 12:45:22.785889', '11.0'),
(311740, 4, 11, 7, '2016-08-26 13:20:54.565449', '11.0'),
(318716, 6, 11, 58, '2016-10-05 16:58:23.764848', '11.0'),
(311916, 4, 11, 8, '2016-08-30 09:56:10.883357', '11.0'),
(311934, 8, 11, 9, '2016-08-30 11:33:22.340542', '11.0'),
(315723, 6, 11, 47, '2016-09-19 10:47:40.114459', '11.0'),
(312129, 3, 11, 10, '2016-08-31 11:27:08.04193', '11.0'),
(312466, 4, 11, 11, '2016-09-01 16:48:07.656317', '11.0'),
(312470, 9, 11, 12, '2016-09-01 16:59:15.174038', '11.0'),
(316422, 4, 11, 48, '2016-09-22 09:07:43.824726', '11.0'),
(312836, 4, 11, 13, '2016-09-05 12:31:03.618996', '11.0'),
(312881, 4, 11, 14, '2016-09-05 14:34:29.282746', '11.0'),
(312943, 6, 11, 15, '2016-09-05 16:39:33.98281', '11.0'),
(312954, 4, 11, 16, '2016-09-05 17:01:21.230764', '11.0'),
(312956, 4, 11, 17, '2016-09-05 17:06:33.385305', '11.0'),
(312959, 4, 11, 18, '2016-09-05 17:29:00.989241', '11.0'),
(312960, 4, 11, 19, '2016-09-05 17:30:51.267912', '11.0'),
(316610, 4, 11, 49, '2016-09-22 15:23:09.569425', '11.0'),
(319701, 6, 11, 9, '2016-10-10 14:00:44.470615', '11.0'),
(316673, 6, 11, 50, '2016-09-23 08:48:58.661773', '11.0'),
(313111, 6, 11, 20, '2016-09-06 13:21:16.938339', '11.0'),
(309039, 6, 11, 0, '2016-08-15 12:04:54.992415', '11.0'),
(309040, 6, 11, 1, '2016-08-15 12:05:01.397444', '11.0'),
(309041, 6, 11, 2, '2016-08-15 12:05:42.693894', '11.0'),
(313235, 4, 11, 21, '2016-09-07 08:17:09.882425', '11.0'),
(316980, 6, 11, 51, '2016-09-26 13:54:10.478629', '11.0'),
(317048, 6, 11, 52, '2016-09-26 15:03:21.179242', '11.0'),
(313596, 4, 11, 22, '2016-09-08 16:39:49.726019', '11.0'),
(313599, 6, 11, 23, '2016-09-08 16:41:05.005649', '11.0'),
(309628, 6, 11, 3, '2016-08-17 11:34:24.975528', '11.0'),
(313713, 6, 11, 24, '2016-09-09 09:58:29.11716', '11.0'),
(313777, 6, 11, 25, '2016-09-09 11:33:40.219788', '11.0'),
(313801, 4, 11, 26, '2016-09-09 13:03:05.225692', '11.0'),
(309791, 3, 11, 4, '2016-08-17 16:56:34.026079', '11.0'),
(313870, 6, 11, 27, '2016-09-09 14:54:03.937199', '11.0'),
(309816, 3, 11, 5, '2016-08-17 17:44:48.734331', '11.0'),
(313874, 4, 11, 28, '2016-09-09 15:11:16.627299', '11.0'),
(313979, 3, 11, 29, '2016-09-12 09:34:05.687124', '11.0'),
(314034, 6, 11, 30, '2016-09-12 10:42:38.621617', '11.0'),
(314205, 6, 11, 31, '2016-09-12 16:26:26.901792', '11.0'),
(314241, 4, 11, 32, '2016-09-12 18:45:24.704629', '11.0'),
(314443, 6, 11, 33, '2016-09-13 11:16:05.219178', '11.0'),
(314483, 4, 11, 34, '2016-09-13 12:34:50.519256', '11.0'),
(314522, 3, 11, 35, '2016-09-13 13:53:19.245343', '11.0'),
(314611, 6, 11, 36, '2016-09-13 17:04:37.775926', '11.0'),
(314815, 6, 11, 37, '2016-09-14 13:34:28.335788', '11.0'),
(314921, 6, 11, 38, '2016-09-14 15:42:09.653752', '11.0'),
(314945, 4, 11, 4, '2016-09-14 16:11:50.849844', '11.0'),
(318183, 6, 11, 53, '2016-10-03 15:27:46.418118', '11.0'),
(315002, 10, 11, 40, '2016-09-14 18:03:24.032572', '11.0'),
(315007, 10, 11, 41, '2016-09-14 18:22:40.913741', '11.0'),
(315133, 4, 11, 42, '2016-09-15 08:53:02.627596', '11.0'),
(315257, 6, 11, 43, '2016-09-15 12:19:28.185746', '11.0'),
(318464, 6, 11, 54, '2016-10-04 16:57:45.458261', '11.0'),
(315337, 4, 11, 44, '2016-09-15 15:18:25.709145', '11.0'),
(318509, 6, 11, 55, '2016-10-05 08:45:27.799197', '11.0'),
(315341, 6, 11, 45, '2016-09-15 15:34:12.820708', '11.0'),
(315352, 4, 11, 46, '2016-09-15 16:17:32.051085', '11.0'),
(318553, 6, 11, 56, '2016-10-05 11:46:04.170077', '11.0'),
(318580, 6, 11, 57, '2016-10-05 13:41:55.564757', '11.0'),
(318719, 6, 12, 48, '2016-10-05 17:03:42.804486', '11.0'),
(315728, 6, 12, 30, '2016-09-19 10:51:06.569074', '11.0'),
(316410, 7, 12, 31, '2016-09-22 08:49:25.530511', '11.0'),
(316547, 6, 12, 32, '2016-09-22 14:03:15.540802', '11.0'),
(316617, 7, 12, 33, '2016-09-22 15:34:05.094548', '11.0'),
(316622, 4, 12, 34, '2016-09-22 15:47:01.606205', '11.0'),
(319707, 6, 12, 49, '2016-10-10 14:09:23.583129', '11.0'),
(316801, 6, 12, 35, '2016-09-23 15:17:19.59651', '11.0'),
(316824, 7, 12, 36, '2016-09-23 17:00:10.237053', '11.0'),
(316896, 7, 12, 37, '2016-09-26 10:24:12.524996', '11.0'),
(316902, 7, 12, 38, '2016-09-26 10:40:33.654071', '11.0'),
(316904, 7, 12, 4, '2016-09-26 10:43:48.014571', '11.0'),
(316935, 7, 12, 40, '2016-09-26 12:13:15.314265', '11.0'),
(316938, 7, 12, 41, '2016-09-26 12:29:32.48852', '11.0'),
(316955, 7, 12, 42, '2016-09-26 13:16:35.801328', '11.0'),
(316985, 6, 12, 43, '2016-09-26 13:57:46.305115', '11.0'),
(317099, 4, 12, 44, '2016-09-26 16:11:54.283505', '11.0'),
(313611, 6, 12, 0, '2016-09-08 16:57:06.320576', '11.0'),
(313612, 6, 12, 1, '2016-09-08 16:57:10.916508', '11.0'),
(313613, 6, 12, 2, '2016-09-08 16:57:44.070212', '11.0'),
(313681, 7, 12, 3, '2016-09-09 08:59:44.29593', '11.0'),
(313683, 6, 12, 4, '2016-09-09 09:01:16.993278', '11.0'),
(313703, 7, 12, 5, '2016-09-09 09:46:29.151643', '11.0'),
(313742, 7, 12, 6, '2016-09-09 10:29:42.533664', '11.0'),
(313778, 6, 12, 7, '2016-09-09 11:39:13.264443', '11.0'),
(313807, 7, 12, 8, '2016-09-09 13:11:24.454135', '11.0'),
(313842, 6, 12, 9, '2016-09-09 14:11:53.064885', '11.0'),
(317456, 6, 12, 45, '2016-09-28 11:39:56.583154', '11.0'),
(313958, 7, 12, 10, '2016-09-12 08:10:24.151007', '11.0'),
(314048, 6, 12, 11, '2016-09-12 11:14:17.407995', '11.0'),
(314214, 6, 12, 12, '2016-09-12 16:45:47.533734', '11.0'),
(314363, 7, 12, 13, '2016-09-13 09:39:25.323961', '11.0'),
(314452, 6, 12, 14, '2016-09-13 11:37:45.770982', '11.0'),
(314555, 7, 12, 15, '2016-09-13 14:51:21.151563', '11.0'),
(314600, 6, 12, 16, '2016-09-13 16:37:58.883572', '11.0'),
(314614, 7, 12, 17, '2016-09-13 17:17:21.15911', '11.0'),
(314618, 7, 12, 18, '2016-09-13 18:46:02.164258', '11.0'),
(314680, 6, 12, 19, '2016-09-14 08:46:01.759237', '11.0'),
(314722, 7, 12, 20, '2016-09-14 09:57:55.61308', '11.0'),
(314818, 6, 12, 21, '2016-09-14 13:38:07.366751', '11.0'),
(314938, 7, 12, 22, '2016-09-14 16:01:36.691032', '11.0'),
(318218, 6, 12, 46, '2016-10-03 16:56:00.722101', '11.0'),
(315019, 7, 12, 23, '2016-09-14 19:36:14.831188', '11.0'),
(315073, 7, 12, 24, '2016-09-15 07:22:30.342916', '11.0'),
(315147, 6, 12, 25, '2016-09-15 09:22:51.943843', '11.0'),
(315155, 7, 12, 26, '2016-09-15 09:37:57.035667', '11.0'),
(315163, 3, 12, 27, '2016-09-15 09:46:01.207578', '11.0'),
(315205, 7, 12, 28, '2016-09-15 11:03:59.7845', '11.0'),
(318467, 6, 12, 47, '2016-10-04 17:08:23.857889', '11.0'),
(315325, 7, 12, 29, '2016-09-15 14:54:40.069961', '11.0'),
(318594, 6, 13, 66, '2016-10-05 14:05:51.746197', '11.0'),
(307057, 7, 13, 7, '2016-08-02 07:27:54.802747', '11.0'),
(315461, 7, 13, 50, '2016-09-16 09:47:53.811634', '11.0'),
(318672, 6, 13, 67, '2016-10-05 15:44:44.540358', '11.0'),
(318732, 6, 13, 68, '2016-10-05 17:19:56.250835', '11.0'),
(307302, 7, 13, 8, '2016-08-02 16:49:56.458071', '11.0'),
(315672, 3, 13, 51, '2016-09-19 08:14:40.566814', '11.0'),
(318909, 6, 13, 69, '2016-10-06 10:45:35.52642', '11.0'),
(307497, 6, 13, 9, '2016-08-03 12:59:35.841239', '11.0'),
(315758, 6, 13, 52, '2016-09-19 11:18:19.917028', '11.0'),
(307758, 6, 13, 10, '2016-08-05 11:54:48.51501', '11.0'),
(312448, 7, 13, 22, '2016-09-01 15:18:50.943763', '11.0'),
(312494, 4, 13, 23, '2016-09-01 21:27:50.095508', '11.0'),
(316286, 7, 13, 53, '2016-09-21 13:22:48.413043', '11.0'),
(316288, 7, 13, 54, '2016-09-21 13:29:38.546346', '11.0'),
(316334, 7, 13, 55, '2016-09-21 15:38:06.403099', '11.0'),
(316342, 7, 13, 56, '2016-09-21 16:08:48.483826', '11.0'),
(312697, 9, 13, 24, '2016-09-02 16:18:35.20828', '11.0'),
(312716, 9, 13, 25, '2016-09-02 17:10:52.826434', '11.0'),
(312753, 4, 13, 26, '2016-09-02 21:11:18.837666', '11.0'),
(316416, 7, 13, 57, '2016-09-22 08:56:39.466314', '11.0'),
(312958, 6, 13, 27, '2016-09-05 17:06:36.032795', '11.0'),
(313060, 6, 13, 28, '2016-09-06 11:40:02.76108', '11.0'),
(316704, 6, 13, 58, '2016-09-23 09:39:08.520886', '11.0'),
(313164, 7, 13, 29, '2016-09-06 15:36:08.994044', '11.0'),
(313195, 7, 13, 30, '2016-09-06 16:28:51.251319', '11.0'),
(316822, 7, 13, 9, '2016-09-23 16:52:50.137281', '11.0'),
(313248, 6, 13, 31, '2016-09-07 09:01:42.453219', '11.0'),
(316855, 7, 13, 60, '2016-09-25 19:34:57.778375', '11.0'),
(304165, 6, 13, 5, '2016-07-20 15:52:31.694555', '11.0'),
(304205, 6, 13, 6, '2016-07-20 17:16:43.074357', '11.0'),
(317011, 6, 13, 61, '2016-09-26 14:09:05.033153', '11.0'),
(309357, 7, 13, 11, '2016-08-16 12:00:29.028228', '11.0'),
(309360, 6, 13, 12, '2016-08-16 12:10:50.372142', '11.0'),
(309422, 7, 13, 13, '2016-08-16 15:31:40.311703', '11.0'),
(313542, 7, 13, 32, '2016-09-08 14:44:22.205655', '11.0'),
(309462, 7, 13, 14, '2016-08-16 16:57:55.44075', '11.0'),
(313622, 6, 13, 33, '2016-09-08 17:04:57.884811', '11.0'),
(313628, 7, 13, 34, '2016-09-08 17:20:33.312374', '11.0'),
(309529, 7, 13, 15, '2016-08-17 08:12:39.909956', '11.0'),
(313640, 7, 13, 35, '2016-09-08 19:22:14.641776', '11.0'),
(313642, 10, 13, 36, '2016-09-08 19:35:48.407016', '11.0'),
(313643, 10, 13, 37, '2016-09-08 19:48:12.654537', '11.0'),
(309585, 6, 13, 16, '2016-08-17 10:08:38.966312', '11.0'),
(313691, 6, 13, 38, '2016-09-09 09:24:08.25739', '11.0'),
(309654, 6, 13, 17, '2016-08-17 12:02:37.692375', '11.0'),
(313715, 10, 13, 4, '2016-09-09 09:58:55.237904', '11.0'),
(313838, 6, 13, 40, '2016-09-09 14:09:04.909561', '11.0'),
(313877, 6, 13, 41, '2016-09-09 15:20:59.21262', '11.0'),
(310106, 7, 13, 18, '2016-08-18 17:18:57.120317', '11.0'),
(314018, 7, 13, 42, '2016-09-12 10:10:54.420088', '11.0'),
(317488, 6, 13, 62, '2016-09-28 12:48:49.976083', '11.0'),
(314490, 10, 13, 43, '2016-09-13 13:03:40.413564', '11.0'),
(314511, 6, 13, 44, '2016-09-13 13:44:13.946088', '11.0'),
(314514, 10, 13, 45, '2016-09-13 13:47:06.201208', '11.0'),
(314568, 10, 13, 46, '2016-09-13 15:12:19.823194', '11.0'),
(314603, 6, 13, 47, '2016-09-13 16:48:08.604652', '11.0'),
(317958, 6, 13, 63, '2016-09-30 15:56:45.090728', '11.0'),
(310967, 7, 13, 19, '2016-08-23 11:10:18.709197', '11.0'),
(311014, 7, 13, 20, '2016-08-23 13:43:10.383324', '11.0'),
(314751, 10, 13, 48, '2016-09-14 11:00:09.300896', '11.0'),
(311074, 7, 13, 21, '2016-08-23 16:08:22.159389', '11.0'),
(314912, 7, 13, 49, '2016-09-14 15:36:58.251538', '11.0'),
(318381, 6, 13, 64, '2016-10-04 12:03:25.800208', '11.0'),
(318479, 6, 13, 65, '2016-10-04 17:49:05.195269', '11.0'),
(289197, 6, 13, 0, '2016-06-07 13:21:46.715995', '11.0'),
(289199, 6, 13, 1, '2016-06-07 13:21:52.776511', '11.0'),
(296262, 7, 13, 2, '2016-07-04 09:55:05.891803', '11.0'),
(296519, 5, 13, 3, '2016-07-04 21:04:10.451862', '11.0'),
(296832, 6, 13, 4, '2016-07-05 13:42:27.512403', '11.0'),
(311730, 8, 14, 8, '2016-08-26 13:06:44.004908', '11.0'),
(318718, 6, 14, 48, '2016-10-05 17:02:34.06101', '11.0'),
(315726, 6, 14, 37, '2016-09-19 10:50:22.272276', '11.0'),
(312118, 8, 14, 9, '2016-08-31 10:39:31.435904', '11.0'),
(312135, 8, 14, 10, '2016-08-31 11:45:04.459844', '11.0'),
(312216, 9, 14, 11, '2016-08-31 14:47:25.449473', '11.0'),
(312275, 8, 14, 12, '2016-08-31 18:09:51.330865', '11.0'),
(312629, 8, 14, 13, '2016-09-02 14:12:56.190508', '11.0'),
(316339, 8, 14, 38, '2016-09-21 15:55:19.403373', '11.0'),
(316372, 6, 14, 4, '2016-09-21 17:40:25.811719', '11.0'),
(316430, 6, 14, 40, '2016-09-22 09:26:30.61205', '11.0'),
(312835, 8, 14, 14, '2016-09-05 12:23:38.12972', '11.0'),
(312872, 6, 14, 15, '2016-09-05 14:08:57.443399', '11.0'),
(316542, 6, 14, 41, '2016-09-22 13:57:22.41819', '11.0'),
(316621, 4, 14, 42, '2016-09-22 15:44:11.513427', '11.0'),
(316664, 4, 14, 43, '2016-09-23 08:21:02.527706', '11.0'),
(313105, 6, 14, 16, '2016-09-06 13:15:31.071103', '11.0'),
(316800, 6, 14, 44, '2016-09-23 15:15:40.982144', '11.0'),
(309318, 6, 14, 0, '2016-08-16 10:58:20.866844', '11.0'),
(309320, 6, 14, 2, '2016-08-16 10:59:11.337609', '11.0'),
(316984, 6, 14, 45, '2016-09-26 13:56:59.382335', '11.0'),
(309319, 6, 14, 1, '2016-08-16 10:58:25.844133', '11.0'),
(313600, 6, 14, 17, '2016-09-08 16:42:27.012508', '11.0'),
(313634, 8, 14, 18, '2016-09-08 18:16:15.103855', '11.0'),
(313776, 8, 14, 19, '2016-09-09 11:30:19.668815', '11.0'),
(309793, 3, 14, 3, '2016-08-17 17:04:28.904722', '11.0'),
(309804, 3, 14, 4, '2016-08-17 17:29:42.554659', '11.0'),
(313785, 8, 14, 20, '2016-09-09 11:54:25.604518', '11.0'),
(313875, 6, 14, 21, '2016-09-09 15:12:55.438138', '11.0'),
(314046, 6, 14, 22, '2016-09-12 11:10:23.509919', '11.0'),
(314212, 6, 14, 23, '2016-09-12 16:42:25.815374', '11.0'),
(314280, 8, 14, 24, '2016-09-13 07:47:21.280433', '11.0'),
(314284, 9, 14, 25, '2016-09-13 08:02:27.147836', '11.0'),
(314379, 8, 14, 26, '2016-09-13 10:05:20.710579', '11.0'),
(314400, 8, 14, 27, '2016-09-13 10:20:59.99686', '11.0'),
(314413, 8, 14, 28, '2016-09-13 10:38:26.367616', '11.0'),
(314447, 6, 14, 29, '2016-09-13 11:27:57.522689', '11.0'),
(314473, 6, 14, 30, '2016-09-13 12:19:24.794519', '11.0'),
(314515, 6, 14, 31, '2016-09-13 13:47:42.107469', '11.0'),
(314525, 3, 14, 32, '2016-09-13 14:06:33.790311', '11.0'),
(314817, 6, 14, 33, '2016-09-14 13:35:37.366848', '11.0'),
(318217, 6, 14, 46, '2016-10-03 16:50:02.64946', '11.0'),
(315166, 4, 14, 34, '2016-09-15 09:47:47.614295', '11.0'),
(315176, 8, 14, 35, '2016-09-15 10:02:17.305213', '11.0'),
(315191, 6, 14, 36, '2016-09-15 10:24:00.775538', '11.0'),
(311438, 8, 14, 5, '2016-08-25 13:54:55.509462', '11.0'),
(311443, 8, 14, 6, '2016-08-25 14:20:55.841873', '11.0'),
(318466, 6, 14, 47, '2016-10-04 17:06:50.833546', '11.0'),
(311521, 8, 14, 7, '2016-08-25 17:38:58.4277', '11.0'),
(318729, 6, 15, 9, '2016-10-05 17:16:32.004991', '11.0'),
(315753, 6, 15, 94, '2016-09-19 11:12:06.224084', '11.0'),
(311998, 7, 15, 19, '2016-08-30 14:49:35.151703', '11.0'),
(312033, 7, 15, 20, '2016-08-30 16:44:53.089137', '11.0'),
(307656, 7, 15, 11, '2016-08-04 14:56:48.205923', '11.0'),
(312163, 7, 15, 21, '2016-08-31 13:08:29.547196', '11.0'),
(307751, 6, 15, 12, '2016-08-05 11:23:08.676221', '11.0'),
(312248, 7, 15, 22, '2016-08-31 15:43:24.946329', '11.0'),
(312461, 7, 15, 23, '2016-09-01 16:28:18.386895', '11.0'),
(312491, 4, 15, 24, '2016-09-01 21:25:11.612036', '11.0'),
(312569, 7, 15, 25, '2016-09-02 10:31:32.48206', '11.0'),
(316273, 7, 15, 95, '2016-09-21 13:06:37.832236', '11.0'),
(316299, 7, 15, 96, '2016-09-21 14:01:32.285605', '11.0'),
(312643, 7, 15, 26, '2016-09-02 14:30:31.707489', '11.0'),
(316331, 7, 15, 97, '2016-09-21 15:32:02.970917', '11.0'),
(312671, 9, 15, 27, '2016-09-02 15:38:50.083061', '11.0'),
(316346, 7, 15, 98, '2016-09-21 16:17:35.975631', '11.0'),
(312690, 7, 15, 28, '2016-09-02 16:01:56.23649', '11.0'),
(312696, 7, 15, 29, '2016-09-02 16:16:16.928128', '11.0'),
(312707, 9, 15, 30, '2016-09-02 16:51:50.843541', '11.0'),
(312748, 4, 15, 31, '2016-09-02 20:58:37.777986', '11.0'),
(312784, 6, 15, 32, '2016-09-05 09:09:37.821911', '11.0'),
(312829, 7, 15, 33, '2016-09-05 11:51:46.398779', '11.0'),
(312840, 7, 15, 34, '2016-09-05 12:40:30.245591', '11.0'),
(312887, 7, 15, 35, '2016-09-05 14:46:58.34996', '11.0'),
(312899, 7, 15, 36, '2016-09-05 15:09:35.639944', '11.0'),
(312949, 6, 15, 37, '2016-09-05 16:53:05.228198', '11.0'),
(318901, 6, 15, 111, '2016-10-06 10:41:53.363944', '11.0'),
(319721, 6, 15, 6, '2016-10-10 14:24:00.93065', '11.0'),
(313048, 6, 15, 38, '2016-09-06 11:16:43.717003', '11.0'),
(316348, 6, 15, 99, '2016-09-21 16:20:14.841105', '11.0'),
(316701, 6, 15, 100, '2016-09-23 09:34:31.934089', '11.0'),
(313153, 6, 15, 4, '2016-09-06 15:09:15.04845', '11.0'),
(313158, 7, 15, 40, '2016-09-06 15:23:51.855587', '11.0'),
(313214, 7, 15, 41, '2016-09-06 17:28:54.280078', '11.0'),
(313219, 7, 15, 42, '2016-09-06 18:00:58.247884', '11.0'),
(313221, 7, 15, 43, '2016-09-06 18:53:08.378349', '11.0'),
(313223, 7, 15, 44, '2016-09-06 19:27:02.004245', '11.0'),
(316818, 7, 15, 10, '2016-09-23 16:41:59.36718', '11.0'),
(313237, 7, 15, 45, '2016-09-07 08:22:49.763953', '11.0'),
(313243, 6, 15, 46, '2016-09-07 08:53:00.965466', '11.0'),
(296269, 10, 15, 5, '2016-07-04 10:17:59.786566', '11.0'),
(304019, 6, 15, 6, '2016-07-20 13:08:51.205278', '11.0'),
(313319, 7, 15, 47, '2016-09-07 10:04:42.859303', '11.0'),
(313339, 7, 15, 48, '2016-09-07 11:32:50.961106', '11.0'),
(304197, 6, 15, 7, '2016-07-20 17:02:39.484912', '11.0'),
(304210, 6, 15, 8, '2016-07-20 17:21:54.326745', '11.0'),
(316891, 7, 15, 102, '2016-09-26 10:14:58.536916', '11.0'),
(313397, 7, 15, 49, '2016-09-07 14:28:57.503317', '11.0'),
(316950, 7, 15, 103, '2016-09-26 13:00:57.437788', '11.0'),
(317007, 6, 15, 104, '2016-09-26 14:06:57.164461', '11.0'),
(313531, 7, 15, 50, '2016-09-08 14:17:09.631761', '11.0'),
(317093, 4, 15, 105, '2016-09-26 16:07:12.472284', '11.0'),
(317110, 4, 15, 106, '2016-09-26 16:20:23.515662', '11.0'),
(313561, 7, 15, 51, '2016-09-08 15:12:18.08277', '11.0'),
(313578, 7, 15, 52, '2016-09-08 15:48:42.208924', '11.0'),
(313582, 7, 15, 53, '2016-09-08 15:55:46.481912', '11.0'),
(313620, 7, 15, 54, '2016-09-08 17:04:04.221779', '11.0'),
(313624, 6, 15, 55, '2016-09-08 17:09:44.01546', '11.0'),
(313636, 7, 15, 56, '2016-09-08 18:51:58.173094', '11.0'),
(313647, 7, 15, 57, '2016-09-08 20:36:16.107537', '11.0'),
(313651, 7, 15, 58, '2016-09-08 20:50:03.923719', '11.0'),
(313668, 7, 15, 9, '2016-09-09 08:24:46.189685', '11.0'),
(313684, 6, 15, 60, '2016-09-09 09:09:15.877757', '11.0'),
(309647, 6, 15, 13, '2016-08-17 11:57:49.880382', '11.0'),
(313721, 7, 15, 61, '2016-09-09 10:04:10.679536', '11.0'),
(313821, 7, 15, 62, '2016-09-09 13:52:58.860443', '11.0'),
(313824, 7, 15, 63, '2016-09-09 13:56:46.626055', '11.0'),
(313935, 4, 15, 64, '2016-09-11 09:40:24.038848', '11.0'),
(313973, 7, 15, 65, '2016-09-12 09:17:29.857289', '11.0'),
(314036, 7, 15, 66, '2016-09-12 10:46:56.126131', '11.0'),
(317486, 6, 15, 107, '2016-09-28 12:40:33.891671', '11.0'),
(314086, 7, 15, 67, '2016-09-12 12:37:28.072793', '11.0'),
(314150, 7, 15, 68, '2016-09-12 14:56:35.362109', '11.0'),
(314173, 7, 15, 69, '2016-09-12 15:38:55.007895', '11.0'),
(314231, 7, 15, 70, '2016-09-12 17:43:46.321655', '11.0'),
(314233, 7, 15, 71, '2016-09-12 17:46:35.911685', '11.0'),
(314234, 7, 15, 72, '2016-09-12 18:02:56.637536', '11.0'),
(314236, 7, 15, 73, '2016-09-12 18:04:55.25637', '11.0'),
(305788, 7, 15, 9, '2016-07-27 09:29:07.433047', '11.0'),
(314303, 7, 15, 74, '2016-09-13 08:44:06.142571', '11.0'),
(314357, 7, 15, 75, '2016-09-13 09:27:02.940177', '11.0'),
(314421, 7, 15, 76, '2016-09-13 10:53:35.240773', '11.0'),
(314506, 6, 15, 77, '2016-09-13 13:36:52.997635', '11.0'),
(314588, 7, 15, 78, '2016-09-13 15:48:34.719528', '11.0'),
(314634, 7, 15, 79, '2016-09-13 20:17:08.553039', '11.0'),
(310925, 7, 15, 14, '2016-08-23 09:30:51.734073', '11.0'),
(314705, 7, 15, 80, '2016-09-14 09:20:27.541568', '11.0'),
(314711, 7, 15, 81, '2016-09-14 09:39:27.506115', '11.0'),
(314735, 7, 15, 82, '2016-09-14 10:09:14.912959', '11.0'),
(314763, 7, 15, 83, '2016-09-14 11:43:57.50667', '11.0'),
(314816, 4, 15, 84, '2016-09-14 13:34:53.283232', '11.0'),
(314925, 4, 15, 85, '2016-09-14 15:44:07.352777', '11.0'),
(311154, 7, 15, 15, '2016-08-24 11:28:42.655841', '11.0'),
(314946, 4, 15, 86, '2016-09-14 16:11:58.837545', '11.0'),
(314951, 4, 15, 87, '2016-09-14 16:16:31.585386', '11.0'),
(314958, 4, 15, 88, '2016-09-14 16:27:12.530828', '11.0'),
(311206, 7, 15, 16, '2016-08-24 13:32:38.527856', '11.0'),
(306504, 4, 15, 10, '2016-07-29 10:54:38.640746', '11.0'),
(315024, 7, 15, 89, '2016-09-14 19:52:43.130697', '11.0'),
(315025, 7, 15, 90, '2016-09-14 19:54:21.298009', '11.0'),
(315037, 4, 15, 91, '2016-09-14 20:41:04.274933', '11.0'),
(315144, 7, 15, 92, '2016-09-15 09:16:26.612692', '11.0'),
(318373, 6, 15, 108, '2016-10-04 11:36:09.251888', '11.0'),
(315192, 4, 15, 93, '2016-09-15 10:32:54.61954', '11.0'),
(318475, 6, 15, 109, '2016-10-04 17:39:39.871227', '11.0'),
(289187, 6, 15, 0, '2016-06-07 13:19:53.344233', '11.0'),
(289189, 6, 15, 1, '2016-06-07 13:19:57.62084', '11.0'),
(311545, 7, 15, 17, '2016-08-26 07:52:18.048095', '11.0'),
(311551, 7, 15, 18, '2016-08-26 08:13:38.246205', '11.0'),
(295762, 7, 15, 2, '2016-06-30 13:46:55.8853', '11.0'),
(296007, 7, 15, 3, '2016-07-01 11:03:36.914424', '11.0'),
(296145, 10, 15, 4, '2016-07-01 15:07:40.59678', '11.0'),
(318725, 6, 16, 73, '2016-10-05 17:12:01.38099', '11.0'),
(315581, 6, 16, 54, '2016-09-16 15:12:36.125911', '11.0'),
(320133, 6, 16, 75, '2016-10-11 13:47:57.510174', '11.0'),
(318895, 6, 16, 74, '2016-10-06 10:34:58.193947', '11.0'),
(312001, 7, 16, 10, '2016-08-30 15:01:08.959515', '11.0'),
(315747, 6, 16, 55, '2016-09-19 11:02:45.065242', '11.0'),
(307644, 7, 16, 7, '2016-08-04 14:01:36.558371', '11.0'),
(312424, 7, 16, 11, '2016-09-01 13:16:47.256952', '11.0'),
(312488, 4, 16, 12, '2016-09-01 21:22:20.800992', '11.0'),
(316239, 7, 16, 56, '2016-09-21 10:35:14.130563', '11.0'),
(316256, 6, 16, 57, '2016-09-21 11:59:44.52792', '11.0'),
(316296, 7, 16, 58, '2016-09-21 13:57:07.160103', '11.0'),
(312528, 7, 16, 13, '2016-09-02 08:27:07.50033', '11.0'),
(312637, 7, 16, 14, '2016-09-02 14:21:56.424857', '11.0'),
(312646, 7, 16, 15, '2016-09-02 14:45:01.501419', '11.0'),
(316329, 7, 16, 9, '2016-09-21 15:26:14.116051', '11.0'),
(316343, 7, 16, 60, '2016-09-21 16:12:56.640788', '11.0'),
(312674, 7, 16, 16, '2016-09-02 15:46:46.280012', '11.0'),
(312702, 7, 16, 17, '2016-09-02 16:33:43.104729', '11.0'),
(312765, 7, 16, 18, '2016-09-05 07:28:22.424176', '11.0'),
(312781, 6, 16, 19, '2016-09-05 09:04:26.534924', '11.0'),
(312790, 7, 16, 20, '2016-09-05 09:31:13.981507', '11.0'),
(312812, 7, 16, 21, '2016-09-05 10:29:41.933905', '11.0'),
(312846, 7, 16, 22, '2016-09-05 13:04:47.558943', '11.0'),
(303422, 6, 16, 5, '2016-07-19 12:29:01.550707', '11.0'),
(312932, 7, 16, 23, '2016-09-05 15:52:30.355234', '11.0'),
(316608, 6, 16, 61, '2016-09-22 15:19:56.771379', '11.0'),
(316613, 7, 16, 62, '2016-09-22 15:30:09.369768', '11.0'),
(312942, 6, 16, 24, '2016-09-05 16:33:54.259063', '11.0'),
(316681, 4, 16, 63, '2016-09-23 09:03:00.180842', '11.0'),
(316690, 6, 16, 64, '2016-09-23 09:17:28.791898', '11.0'),
(313023, 6, 16, 25, '2016-09-06 10:13:06.131256', '11.0'),
(313106, 4, 16, 26, '2016-09-06 13:16:59.017837', '11.0'),
(313189, 7, 16, 27, '2016-09-06 16:25:21.443094', '11.0'),
(316809, 7, 16, 65, '2016-09-23 16:03:54.094467', '11.0'),
(316825, 7, 16, 66, '2016-09-23 17:01:54.229487', '11.0'),
(304184, 6, 16, 6, '2016-07-20 16:33:06.91194', '11.0'),
(316941, 7, 16, 67, '2016-09-26 12:43:50.291452', '11.0'),
(313465, 7, 16, 28, '2016-09-08 08:25:02.885577', '11.0'),
(317002, 6, 16, 68, '2016-09-26 14:04:00.26861', '11.0'),
(317086, 4, 16, 69, '2016-09-26 15:58:57.882863', '11.0'),
(313607, 6, 16, 29, '2016-09-08 16:47:35.765153', '11.0'),
(313616, 7, 16, 30, '2016-09-08 17:00:45.184463', '11.0'),
(313633, 7, 16, 31, '2016-09-08 18:01:59.070195', '11.0'),
(313635, 7, 16, 32, '2016-09-08 18:48:04.518357', '11.0'),
(313639, 7, 16, 33, '2016-09-08 19:15:19.644741', '11.0'),
(313663, 7, 16, 34, '2016-09-09 08:16:12.451281', '11.0'),
(313671, 7, 16, 35, '2016-09-09 08:36:17.06075', '11.0'),
(309643, 6, 16, 8, '2016-08-17 11:54:48.363834', '11.0'),
(313808, 7, 16, 36, '2016-09-09 13:13:54.397304', '11.0'),
(313818, 7, 16, 37, '2016-09-09 13:43:55.703063', '11.0'),
(309814, 3, 16, 9, '2016-08-17 17:39:46.552749', '11.0'),
(313961, 7, 16, 38, '2016-09-12 08:22:14.639876', '11.0'),
(317483, 6, 16, 70, '2016-09-28 12:31:54.357288', '11.0'),
(314166, 7, 16, 4, '2016-09-12 15:24:56.556942', '11.0'),
(314228, 6, 16, 40, '2016-09-12 17:23:42.754256', '11.0'),
(314279, 7, 16, 41, '2016-09-13 07:44:37.16675', '11.0'),
(314294, 7, 16, 42, '2016-09-13 08:34:30.990779', '11.0'),
(314581, 7, 16, 43, '2016-09-13 15:39:43.285511', '11.0'),
(314637, 7, 16, 44, '2016-09-13 20:28:11.675489', '11.0'),
(314679, 7, 16, 45, '2016-09-14 08:45:05.840151', '11.0'),
(314727, 7, 16, 46, '2016-09-14 10:03:44.542777', '11.0'),
(314739, 7, 16, 47, '2016-09-14 10:28:34.824271', '11.0'),
(314886, 4, 16, 48, '2016-09-14 14:53:51.48506', '11.0'),
(314891, 4, 16, 49, '2016-09-14 14:59:08.912371', '11.0'),
(314900, 4, 16, 50, '2016-09-14 15:16:18.583204', '11.0'),
(315020, 7, 16, 51, '2016-09-14 19:41:23.369333', '11.0'),
(315030, 7, 16, 52, '2016-09-14 20:04:55.074742', '11.0'),
(318356, 6, 16, 71, '2016-10-04 10:20:43.009218', '11.0'),
(315183, 4, 16, 53, '2016-09-15 10:11:55.877629', '11.0'),
(318471, 6, 16, 72, '2016-10-04 17:23:56.705451', '11.0'),
(289177, 6, 16, 1, '2016-06-07 13:16:28.772124', '11.0'),
(289176, 6, 16, 0, '2016-06-07 13:16:24.363791', '11.0'),
(295701, 7, 16, 2, '2016-06-30 12:34:52.24769', '11.0'),
(296002, 7, 16, 3, '2016-07-01 10:58:54.420987', '11.0'),
(296136, 10, 16, 4, '2016-07-01 14:40:14.903146', '11.0'),
(318592, 6, 17, 138, '2016-10-05 14:03:21.355735', '11.0'),
(318726, 6, 17, 139, '2016-10-05 17:13:35.786326', '11.0'),
(311859, 4, 17, 20, '2016-08-29 09:17:09.436949', '11.0'),
(311860, 4, 17, 21, '2016-08-29 09:19:38.332475', '11.0'),
(319718, 6, 17, 141, '2016-10-10 14:18:46.521695', '11.0'),
(320135, 6, 17, 142, '2016-10-11 13:49:52.654629', '11.0'),
(318898, 6, 17, 140, '2016-10-06 10:37:16.271792', '11.0'),
(315750, 6, 17, 123, '2016-09-19 11:08:33.065255', '11.0'),
(312022, 7, 17, 22, '2016-08-30 16:00:40.319111', '11.0'),
(307648, 7, 17, 10, '2016-08-04 14:14:32.637435', '11.0'),
(312151, 7, 17, 23, '2016-08-31 12:31:42.863492', '11.0'),
(312210, 7, 17, 24, '2016-08-31 14:37:02.873563', '11.0'),
(312219, 7, 17, 25, '2016-08-31 14:50:21.529645', '11.0'),
(307749, 6, 17, 11, '2016-08-05 11:14:06.739231', '11.0'),
(312225, 7, 17, 26, '2016-08-31 14:55:31.389355', '11.0'),
(312419, 7, 17, 27, '2016-09-01 13:05:19.807942', '11.0'),
(312440, 7, 17, 28, '2016-09-01 14:28:28.515145', '11.0'),
(312456, 7, 17, 29, '2016-09-01 16:08:43.501028', '11.0'),
(312489, 4, 17, 30, '2016-09-01 21:23:22.85961', '11.0'),
(312536, 7, 17, 31, '2016-09-02 08:54:49.891663', '11.0'),
(312546, 7, 17, 32, '2016-09-02 09:29:17.165489', '11.0'),
(312557, 7, 17, 33, '2016-09-02 10:00:38.712521', '11.0'),
(316241, 7, 17, 124, '2016-09-21 10:47:23.019087', '11.0'),
(316289, 7, 17, 125, '2016-09-21 13:37:46.820229', '11.0'),
(312614, 7, 17, 34, '2016-09-02 13:13:43.879056', '11.0'),
(312655, 9, 17, 35, '2016-09-02 15:12:50.876131', '11.0'),
(312678, 7, 17, 36, '2016-09-02 15:49:55.493587', '11.0'),
(308386, 7, 17, 12, '2016-08-10 14:39:18.315702', '11.0'),
(316412, 7, 17, 126, '2016-09-22 08:51:23.631775', '11.0'),
(316413, 7, 17, 127, '2016-09-22 08:54:08.983019', '11.0'),
(312773, 7, 17, 37, '2016-09-05 08:45:20.481294', '11.0'),
(312782, 6, 17, 38, '2016-09-05 09:05:23.884626', '11.0'),
(312791, 6, 17, 4, '2016-09-05 09:34:50.238337', '11.0'),
(312820, 7, 17, 40, '2016-09-05 11:05:14.417056', '11.0'),
(312824, 7, 17, 41, '2016-09-05 11:22:13.208125', '11.0'),
(312841, 7, 17, 42, '2016-09-05 12:48:01.013407', '11.0'),
(312882, 7, 17, 43, '2016-09-05 14:36:50.505521', '11.0'),
(312895, 7, 17, 44, '2016-09-05 15:00:44.537304', '11.0'),
(312936, 7, 17, 45, '2016-09-05 15:57:45.080242', '11.0'),
(312938, 7, 17, 46, '2016-09-05 16:07:55.818188', '11.0'),
(303564, 6, 17, 6, '2016-07-19 14:42:42.156771', '11.0'),
(313033, 6, 17, 47, '2016-09-06 10:34:26.434645', '11.0'),
(316660, 7, 17, 128, '2016-09-23 07:54:32.958757', '11.0'),
(313046, 7, 17, 48, '2016-09-06 11:01:56.234942', '11.0'),
(313051, 6, 17, 49, '2016-09-06 11:27:54.890696', '11.0'),
(313083, 7, 17, 50, '2016-09-06 12:36:58.673552', '11.0'),
(316692, 6, 17, 129, '2016-09-23 09:19:16.176943', '11.0'),
(313110, 4, 17, 51, '2016-09-06 13:21:10.996283', '11.0'),
(313162, 7, 17, 52, '2016-09-06 15:30:44.155416', '11.0'),
(313192, 7, 17, 53, '2016-09-06 16:27:39.994976', '11.0'),
(313216, 7, 17, 54, '2016-09-06 17:52:18.998643', '11.0'),
(313222, 7, 17, 55, '2016-09-06 19:22:13.861173', '11.0'),
(316815, 7, 17, 130, '2016-09-23 16:17:05.374907', '11.0'),
(313232, 7, 17, 56, '2016-09-07 07:59:24.597328', '11.0'),
(313300, 7, 17, 57, '2016-09-07 09:40:47.363215', '11.0'),
(313324, 7, 17, 58, '2016-09-07 10:10:08.569848', '11.0'),
(313336, 7, 17, 9, '2016-09-07 11:25:21.520476', '11.0'),
(304190, 6, 17, 7, '2016-07-20 16:40:44.542937', '11.0'),
(316888, 7, 17, 131, '2016-09-26 10:11:51.322567', '11.0'),
(313393, 7, 17, 60, '2016-09-07 14:16:01.157025', '11.0'),
(313423, 7, 17, 61, '2016-09-07 15:54:40.370247', '11.0'),
(313429, 7, 17, 62, '2016-09-07 16:03:14.091863', '11.0'),
(313435, 7, 17, 63, '2016-09-07 16:19:24.605349', '11.0'),
(317004, 6, 17, 132, '2016-09-26 14:05:02.669356', '11.0'),
(313488, 7, 17, 64, '2016-09-08 09:33:15.374776', '11.0'),
(313498, 7, 17, 65, '2016-09-08 10:10:37.395659', '11.0'),
(313526, 7, 17, 66, '2016-09-08 13:56:55.747451', '11.0'),
(317090, 4, 17, 133, '2016-09-26 16:01:45.636063', '11.0'),
(317104, 4, 17, 134, '2016-09-26 16:18:04.962623', '11.0'),
(313574, 7, 17, 67, '2016-09-08 15:44:14.812954', '11.0'),
(313601, 7, 17, 68, '2016-09-08 16:43:21.00666', '11.0'),
(313606, 7, 17, 69, '2016-09-08 16:47:02.984259', '11.0'),
(313608, 6, 17, 70, '2016-09-08 16:49:01.847057', '11.0'),
(313648, 7, 17, 72, '2016-09-08 20:40:42.088492', '11.0'),
(313638, 7, 17, 71, '2016-09-08 19:07:29.82641', '11.0'),
(313652, 7, 17, 73, '2016-09-08 20:52:08.286475', '11.0'),
(313664, 7, 17, 74, '2016-09-09 08:20:08.877305', '11.0'),
(313670, 7, 17, 75, '2016-09-09 08:34:02.943727', '11.0'),
(309644, 6, 17, 13, '2016-08-17 11:55:39.462372', '11.0'),
(313716, 7, 17, 76, '2016-09-09 09:59:27.093043', '11.0'),
(313767, 7, 17, 77, '2016-09-09 11:15:57.592539', '11.0'),
(313809, 7, 17, 78, '2016-09-09 13:17:02.655518', '11.0'),
(313813, 7, 17, 79, '2016-09-09 13:21:17.303514', '11.0'),
(313819, 7, 17, 80, '2016-09-09 13:48:10.814376', '11.0'),
(313932, 4, 17, 81, '2016-09-11 08:31:33.608334', '11.0'),
(313965, 7, 17, 82, '2016-09-12 08:32:54.397717', '11.0'),
(314009, 7, 17, 83, '2016-09-12 09:57:43.839766', '11.0'),
(317458, 6, 17, 135, '2016-09-28 11:43:38.732448', '11.0'),
(314167, 7, 17, 84, '2016-09-12 15:29:56.635557', '11.0'),
(314179, 7, 17, 85, '2016-09-12 15:47:40.709492', '11.0'),
(314186, 7, 17, 86, '2016-09-12 15:59:14.207373', '11.0'),
(314229, 6, 17, 87, '2016-09-12 17:29:52.59533', '11.0'),
(314282, 7, 17, 88, '2016-09-13 07:56:21.425381', '11.0'),
(314293, 7, 17, 89, '2016-09-13 08:29:30.466484', '11.0'),
(314516, 7, 17, 90, '2016-09-13 13:48:21.118128', '11.0'),
(314584, 7, 17, 91, '2016-09-13 15:42:19.623002', '11.0'),
(314609, 7, 17, 92, '2016-09-13 16:57:45.591234', '11.0'),
(314616, 7, 17, 93, '2016-09-13 18:01:34.141458', '11.0'),
(314633, 7, 17, 94, '2016-09-13 20:15:19.502565', '11.0'),
(314636, 7, 17, 95, '2016-09-13 20:27:05.446139', '11.0'),
(310961, 7, 17, 14, '2016-08-23 11:03:19.193351', '11.0'),
(314686, 7, 17, 96, '2016-09-14 09:02:39.100133', '11.0'),
(314730, 7, 17, 97, '2016-09-14 10:05:49.968156', '11.0'),
(314740, 7, 17, 98, '2016-09-14 10:30:32.76598', '11.0'),
(311021, 7, 17, 15, '2016-08-23 14:04:51.760232', '11.0'),
(314798, 7, 17, 99, '2016-09-14 13:03:04.669454', '11.0'),
(314800, 6, 17, 100, '2016-09-14 13:04:36.924236', '11.0'),
(314809, 7, 17, 10, '2016-09-14 13:14:29.363404', '11.0'),
(314812, 6, 17, 102, '2016-09-14 13:25:12.138338', '11.0'),
(314878, 4, 17, 103, '2016-09-14 14:43:33.69754', '11.0'),
(311129, 7, 17, 16, '2016-08-24 09:47:30.079511', '11.0'),
(314887, 4, 17, 104, '2016-09-14 14:56:22.931954', '11.0'),
(311135, 7, 17, 17, '2016-08-24 10:28:24.94107', '11.0'),
(314902, 4, 17, 105, '2016-09-14 15:18:35.403649', '11.0'),
(314919, 4, 17, 106, '2016-09-14 15:41:40.607365', '11.0'),
(314943, 4, 17, 107, '2016-09-14 16:05:47.105543', '11.0'),
(314944, 4, 17, 108, '2016-09-14 16:06:47.418551', '11.0'),
(306436, 4, 17, 8, '2016-07-29 09:16:34.788829', '11.0'),
(314949, 4, 17, 109, '2016-09-14 16:13:45.924467', '11.0'),
(306441, 4, 17, 9, '2016-07-29 09:22:04.643266', '11.0'),
(314957, 7, 17, 9, '2016-09-14 16:25:13.095024', '11.0'),
(314994, 7, 17, 111, '2016-09-14 17:27:33.980445', '11.0'),
(314999, 4, 17, 6, '2016-09-14 17:50:59.774798', '11.0'),
(315021, 7, 17, 8, '2016-09-14 19:43:40.882351', '11.0'),
(315136, 7, 17, 114, '2016-09-15 08:58:36.453076', '11.0'),
(318359, 6, 17, 136, '2016-10-04 10:46:28.063875', '11.0'),
(315214, 4, 17, 115, '2016-09-15 11:18:16.096834', '11.0'),
(315234, 4, 17, 116, '2016-09-15 11:38:41.26364', '11.0'),
(315247, 4, 17, 117, '2016-09-15 11:56:06.10791', '11.0'),
(315272, 4, 17, 118, '2016-09-15 13:05:49.590307', '11.0'),
(315279, 4, 17, 119, '2016-09-15 13:17:16.25243', '11.0'),
(315281, 4, 17, 120, '2016-09-15 13:24:44.7401', '11.0'),
(315284, 4, 17, 121, '2016-09-15 13:26:52.899666', '11.0'),
(315292, 4, 17, 122, '2016-09-15 13:51:29.973419', '11.0'),
(318473, 6, 17, 137, '2016-10-04 17:29:44.030073', '11.0'),
(289180, 6, 17, 0, '2016-06-07 13:18:23.139906', '11.0'),
(289182, 6, 17, 1, '2016-06-07 13:18:28.455428', '11.0'),
(311608, 7, 17, 18, '2016-08-26 09:22:41.047766', '11.0'),
(295717, 7, 17, 2, '2016-06-30 12:52:39.43742', '11.0'),
(296003, 7, 17, 3, '2016-07-01 11:00:08.316276', '11.0'),
(296141, 10, 17, 4, '2016-07-01 14:58:03.550748', '11.0'),
(296266, 10, 17, 5, '2016-07-04 10:09:26.542234', '11.0'),
(311637, 7, 17, 19, '2016-08-26 10:05:08.680693', '11.0'),
(318727, 6, 18, 129, '2016-10-05 17:15:23.327422', '11.0'),
(315574, 7, 18, 9, '2016-09-16 14:59:56.988328', '11.0'),
(315583, 7, 18, 111, '2016-09-16 15:13:45.980028', '11.0'),
(318899, 6, 18, 130, '2016-10-06 10:39:34.744622', '11.0'),
(311986, 7, 18, 25, '2016-08-30 14:19:52.68835', '11.0'),
(311983, 7, 18, 24, '2016-08-30 14:16:59.197928', '11.0'),
(311999, 7, 18, 26, '2016-08-30 14:54:40.142713', '11.0'),
(315751, 6, 18, 6, '2016-09-19 11:10:29.112113', '11.0'),
(312031, 7, 18, 27, '2016-08-30 16:39:42.117625', '11.0'),
(307654, 7, 18, 10, '2016-08-04 14:47:32.345961', '11.0'),
(312160, 7, 18, 28, '2016-08-31 13:06:06.849921', '11.0'),
(307745, 6, 18, 11, '2016-08-05 10:59:47.65708', '11.0'),
(312245, 7, 18, 29, '2016-08-31 15:37:29.829393', '11.0'),
(312362, 7, 18, 30, '2016-09-01 10:31:58.597309', '11.0'),
(312429, 7, 18, 31, '2016-09-01 13:34:07.67414', '11.0'),
(312460, 7, 18, 32, '2016-09-01 16:22:40.593462', '11.0'),
(312490, 4, 18, 33, '2016-09-01 21:24:29.495342', '11.0'),
(316243, 7, 18, 8, '2016-09-21 10:56:12.697326', '11.0'),
(312555, 7, 18, 34, '2016-09-02 09:49:31.223716', '11.0'),
(312571, 7, 18, 35, '2016-09-02 10:33:52.977361', '11.0'),
(316267, 7, 18, 114, '2016-09-21 12:51:38.603578', '11.0'),
(312606, 7, 18, 36, '2016-09-02 12:41:22.511317', '11.0'),
(312608, 7, 18, 37, '2016-09-02 12:45:18.849417', '11.0'),
(312612, 7, 18, 38, '2016-09-02 13:07:27.036776', '11.0'),
(316298, 7, 18, 115, '2016-09-21 14:00:04.254598', '11.0'),
(316330, 7, 18, 116, '2016-09-21 15:30:33.742099', '11.0'),
(312670, 9, 18, 4, '2016-09-02 15:33:14.261372', '11.0'),
(312680, 7, 18, 40, '2016-09-02 15:52:55.638739', '11.0'),
(312743, 4, 18, 41, '2016-09-02 20:53:13.584517', '11.0'),
(312783, 6, 18, 42, '2016-09-05 09:08:48.959317', '11.0'),
(312805, 7, 18, 43, '2016-09-05 10:14:41.793971', '11.0'),
(312810, 7, 18, 44, '2016-09-05 10:27:16.087283', '11.0'),
(312818, 6, 18, 45, '2016-09-05 10:48:05.469092', '11.0'),
(312827, 7, 18, 46, '2016-09-05 11:45:31.65371', '11.0'),
(312830, 7, 18, 47, '2016-09-05 11:54:55.488791', '11.0'),
(312842, 7, 18, 48, '2016-09-05 12:49:50.113968', '11.0'),
(312851, 7, 18, 49, '2016-09-05 13:10:42.396446', '11.0'),
(308582, 7, 18, 12, '2016-08-11 11:56:26.230281', '11.0'),
(308589, 7, 18, 13, '2016-08-11 12:08:39.251296', '11.0'),
(312885, 7, 18, 50, '2016-09-05 14:43:03.762093', '11.0'),
(312897, 7, 18, 51, '2016-09-05 15:07:56.411816', '11.0'),
(308629, 7, 18, 14, '2016-08-11 12:58:29.669124', '11.0'),
(312902, 7, 18, 52, '2016-09-05 15:16:40.369809', '11.0'),
(312912, 7, 18, 53, '2016-09-05 15:29:06.825045', '11.0'),
(312937, 7, 18, 54, '2016-09-05 16:00:26.363677', '11.0'),
(312944, 6, 18, 55, '2016-09-05 16:45:19.752498', '11.0'),
(316614, 7, 18, 117, '2016-09-22 15:32:15.845596', '11.0'),
(313045, 6, 18, 56, '2016-09-06 11:00:40.913274', '11.0'),
(316687, 7, 18, 118, '2016-09-23 09:12:49.703765', '11.0'),
(316697, 6, 18, 119, '2016-09-23 09:29:43.653681', '11.0'),
(313085, 7, 18, 57, '2016-09-06 12:40:28.226023', '11.0'),
(313113, 4, 18, 58, '2016-09-06 13:24:27.308286', '11.0'),
(313115, 4, 18, 9, '2016-09-06 13:28:03.874696', '11.0'),
(308920, 4, 18, 15, '2016-08-12 16:12:07.684955', '11.0'),
(313148, 6, 18, 60, '2016-09-06 14:58:58.935963', '11.0'),
(313151, 7, 18, 61, '2016-09-06 15:08:26.485487', '11.0'),
(313172, 7, 18, 62, '2016-09-06 15:48:39.221051', '11.0'),
(303981, 6, 18, 6, '2016-07-20 12:15:20.242027', '11.0'),
(316817, 7, 18, 120, '2016-09-23 16:33:10.435112', '11.0'),
(316826, 7, 18, 121, '2016-09-23 17:07:09.11717', '11.0'),
(316828, 7, 18, 122, '2016-09-23 17:14:28.671157', '11.0'),
(304193, 6, 18, 7, '2016-07-20 16:47:37.768111', '11.0'),
(313384, 7, 18, 63, '2016-09-07 13:30:13.614049', '11.0'),
(313395, 7, 18, 64, '2016-09-07 14:21:22.291719', '11.0'),
(313483, 7, 18, 65, '2016-09-08 09:11:38.402499', '11.0'),
(313490, 7, 18, 66, '2016-09-08 09:37:16.643193', '11.0'),
(313504, 7, 18, 67, '2016-09-08 10:40:35.481986', '11.0'),
(313527, 7, 18, 68, '2016-09-08 14:02:18.811229', '11.0'),
(317006, 6, 18, 123, '2016-09-26 14:06:10.901391', '11.0'),
(317092, 4, 18, 124, '2016-09-26 16:05:20.781944', '11.0'),
(317107, 4, 18, 125, '2016-09-26 16:19:26.72632', '11.0'),
(313577, 7, 18, 69, '2016-09-08 15:47:10.649096', '11.0'),
(313617, 6, 18, 70, '2016-09-08 17:02:40.645966', '11.0'),
(313626, 7, 18, 71, '2016-09-08 17:13:57.159262', '11.0'),
(313637, 7, 18, 72, '2016-09-08 18:59:50.799183', '11.0'),
(313645, 7, 18, 73, '2016-09-08 20:19:24.521445', '11.0'),
(313650, 7, 18, 74, '2016-09-08 20:47:32.449296', '11.0'),
(313655, 7, 18, 75, '2016-09-08 20:59:25.008086', '11.0'),
(313656, 7, 18, 76, '2016-09-08 21:01:18.672821', '11.0'),
(313666, 7, 18, 77, '2016-09-09 08:23:15.186351', '11.0'),
(313673, 7, 18, 78, '2016-09-09 08:39:51.722467', '11.0'),
(313685, 6, 18, 79, '2016-09-09 09:09:57.473762', '11.0'),
(309646, 6, 18, 16, '2016-08-17 11:56:53.402726', '11.0'),
(313718, 7, 18, 80, '2016-09-09 10:01:43.770047', '11.0'),
(313723, 7, 18, 81, '2016-09-09 10:06:40.554769', '11.0'),
(313812, 7, 18, 82, '2016-09-09 13:19:34.148546', '11.0'),
(313820, 7, 18, 83, '2016-09-09 13:51:02.589243', '11.0'),
(313934, 4, 18, 84, '2016-09-11 09:37:16.739734', '11.0'),
(313966, 7, 18, 85, '2016-09-12 08:39:52.233811', '11.0'),
(314010, 7, 18, 86, '2016-09-12 10:01:00.223176', '11.0'),
(317481, 6, 18, 126, '2016-09-28 12:18:32.236058', '11.0'),
(314147, 7, 18, 87, '2016-09-12 14:50:30.320099', '11.0'),
(314172, 7, 18, 88, '2016-09-12 15:37:08.010604', '11.0'),
(314291, 7, 18, 89, '2016-09-13 08:21:56.764223', '11.0'),
(305787, 7, 18, 8, '2016-07-27 09:21:20.393148', '11.0'),
(314298, 7, 18, 90, '2016-09-13 08:39:04.592184', '11.0'),
(314504, 6, 18, 91, '2016-09-13 13:32:08.259638', '11.0'),
(314587, 7, 18, 92, '2016-09-13 15:45:47.263955', '11.0'),
(314610, 7, 18, 93, '2016-09-13 16:59:36.591792', '11.0'),
(314643, 7, 18, 94, '2016-09-13 21:07:12.500131', '11.0'),
(314658, 7, 18, 95, '2016-09-14 07:33:16.782607', '11.0'),
(314704, 7, 18, 96, '2016-09-14 09:14:52.181842', '11.0'),
(314724, 7, 18, 97, '2016-09-14 10:00:53.914388', '11.0'),
(314741, 7, 18, 98, '2016-09-14 10:32:24.849712', '11.0'),
(311078, 7, 18, 17, '2016-08-23 16:18:21.264839', '11.0'),
(311127, 7, 18, 18, '2016-08-24 09:43:18.982105', '11.0'),
(314904, 4, 18, 99, '2016-09-14 15:23:24.009018', '11.0'),
(314914, 4, 18, 100, '2016-09-14 15:37:47.293823', '11.0'),
(314916, 7, 18, 10, '2016-09-14 15:39:32.535467', '11.0'),
(311148, 7, 18, 19, '2016-08-24 11:14:51.395602', '11.0'),
(311155, 7, 18, 20, '2016-08-24 11:32:47.119632', '11.0'),
(314932, 4, 18, 102, '2016-09-14 15:53:06.770984', '11.0'),
(306445, 4, 18, 9, '2016-07-29 09:29:53.200227', '11.0'),
(314961, 4, 18, 103, '2016-09-14 16:33:41.858538', '11.0'),
(311211, 7, 18, 21, '2016-08-24 13:35:42.604047', '11.0'),
(314988, 7, 18, 104, '2016-09-14 17:18:43.067071', '11.0'),
(314989, 7, 18, 105, '2016-09-14 17:20:23.111298', '11.0'),
(315023, 7, 18, 106, '2016-09-14 19:50:14.228549', '11.0'),
(315034, 4, 18, 107, '2016-09-14 20:17:34.981871', '11.0'),
(315126, 7, 18, 108, '2016-09-15 08:41:18.333315', '11.0'),
(318367, 6, 18, 127, '2016-10-04 11:20:15.691937', '11.0'),
(315239, 4, 18, 109, '2016-09-15 11:41:51.95678', '11.0'),
(318474, 6, 18, 128, '2016-10-04 17:34:13.198', '11.0'),
(289185, 6, 18, 1, '2016-06-07 13:19:17.026684', '11.0'),
(289184, 6, 18, 0, '2016-06-07 13:19:10.206586', '11.0'),
(311550, 7, 18, 22, '2016-08-26 08:06:40.8563', '11.0'),
(295745, 7, 18, 2, '2016-06-30 13:16:10.862478', '11.0'),
(296005, 7, 18, 3, '2016-07-01 11:02:10.775939', '11.0'),
(296142, 10, 18, 4, '2016-07-01 15:05:01.151604', '11.0'),
(296267, 10, 18, 5, '2016-07-04 10:15:06.610088', '11.0'),
(311631, 7, 18, 23, '2016-08-26 09:57:00.225409', '11.0'),
(319719, 6, 18, 131, '2016-10-10 14:22:12.092071', '11.0'),
(318670, 6, 19, 66, '2016-10-05 15:43:06.904083', '11.0'),
(318731, 6, 19, 67, '2016-10-05 17:18:19.091986', '11.0'),
(318903, 6, 19, 68, '2016-10-06 10:43:58.498486', '11.0'),
(315755, 6, 19, 55, '2016-09-19 11:13:58.81405', '11.0'),
(307543, 7, 19, 16, '2016-08-03 16:38:03.778779', '11.0'),
(307587, 7, 19, 17, '2016-08-04 09:19:07.612335', '11.0'),
(307597, 6, 19, 18, '2016-08-04 09:36:55.037813', '11.0'),
(312180, 7, 19, 24, '2016-08-31 13:43:29.22463', '11.0'),
(307603, 7, 19, 19, '2016-08-04 10:12:05.575704', '11.0'),
(307755, 6, 19, 20, '2016-08-05 11:33:38.379593', '11.0'),
(312249, 7, 19, 25, '2016-08-31 15:45:44.955781', '11.0'),
(312272, 4, 19, 26, '2016-08-31 17:29:20.572498', '11.0'),
(312335, 7, 19, 27, '2016-09-01 08:13:19.367427', '11.0'),
(312493, 4, 19, 28, '2016-09-01 21:26:55.392372', '11.0'),
(316283, 7, 19, 56, '2016-09-21 13:18:10.864792', '11.0'),
(312691, 9, 19, 29, '2016-09-02 16:04:14.112845', '11.0'),
(312700, 9, 19, 30, '2016-09-02 16:23:07.249836', '11.0'),
(312711, 9, 19, 31, '2016-09-02 17:01:03.310747', '11.0'),
(312752, 4, 19, 32, '2016-09-02 21:06:47.585087', '11.0'),
(308440, 7, 19, 21, '2016-08-10 16:42:03.280654', '11.0'),
(312833, 7, 19, 33, '2016-09-05 12:02:00.666504', '11.0'),
(312901, 7, 19, 34, '2016-09-05 15:14:50.367612', '11.0'),
(312952, 6, 19, 35, '2016-09-05 16:55:57.890607', '11.0'),
(319724, 6, 19, 69, '2016-10-10 14:26:35.028056', '11.0'),
(313059, 6, 19, 36, '2016-09-06 11:36:47.098946', '11.0'),
(313157, 6, 19, 37, '2016-09-06 15:17:57.733382', '11.0'),
(316702, 6, 19, 57, '2016-09-23 09:37:17.96513', '11.0'),
(316820, 7, 19, 58, '2016-09-23 16:47:36.999225', '11.0'),
(316823, 7, 19, 9, '2016-09-23 16:55:38.915799', '11.0'),
(313246, 6, 19, 38, '2016-09-07 08:58:35.551874', '11.0'),
(304100, 6, 19, 12, '2016-07-20 14:38:13.045608', '11.0'),
(304201, 6, 19, 13, '2016-07-20 17:09:12.098031', '11.0'),
(316952, 7, 19, 61, '2016-09-26 13:05:47.209982', '11.0'),
(316951, 7, 19, 60, '2016-09-26 13:03:33.976178', '11.0'),
(317010, 6, 19, 62, '2016-09-26 14:08:10.072304', '11.0'),
(317097, 4, 19, 63, '2016-09-26 16:10:28.276003', '11.0'),
(313621, 6, 19, 4, '2016-09-08 17:04:06.043967', '11.0'),
(313690, 6, 19, 40, '2016-09-09 09:22:23.353197', '11.0'),
(309651, 6, 19, 22, '2016-08-17 11:59:21.077287', '11.0'),
(313806, 6, 19, 41, '2016-09-09 13:08:33.629146', '11.0'),
(313822, 7, 19, 42, '2016-09-09 13:55:30.389995', '11.0'),
(314176, 7, 19, 43, '2016-09-12 15:41:40.769128', '11.0'),
(305796, 7, 19, 14, '2016-07-27 09:57:14.815595', '11.0'),
(314340, 7, 19, 44, '2016-09-13 09:12:19.75165', '11.0'),
(314354, 7, 19, 45, '2016-09-13 09:19:26.875826', '11.0'),
(305976, 7, 19, 15, '2016-07-27 15:20:18.45706', '11.0'),
(314508, 6, 19, 46, '2016-09-13 13:40:05.213988', '11.0'),
(314713, 7, 19, 47, '2016-09-14 09:41:39.861488', '11.0'),
(314744, 7, 19, 48, '2016-09-14 10:36:27.445679', '11.0'),
(314910, 4, 19, 49, '2016-09-14 15:29:32.008972', '11.0'),
(314962, 4, 19, 50, '2016-09-14 16:35:19.200523', '11.0'),
(314998, 7, 19, 51, '2016-09-14 17:42:46.881446', '11.0'),
(315026, 7, 19, 52, '2016-09-14 20:00:38.265346', '11.0'),
(318379, 6, 19, 64, '2016-10-04 11:53:32.747248', '11.0'),
(315241, 4, 19, 53, '2016-09-15 11:44:19.694375', '11.0'),
(318477, 6, 19, 65, '2016-10-04 17:44:29.160416', '11.0'),
(315307, 4, 19, 54, '2016-09-15 14:27:35.095675', '11.0'),
(289194, 6, 19, 0, '2016-06-07 13:21:05.223328', '11.0'),
(289195, 6, 19, 1, '2016-06-07 13:21:08.456841', '11.0'),
(311548, 7, 19, 23, '2016-08-26 08:01:36.059743', '11.0'),
(293799, 7, 19, 2, '2016-06-21 15:01:26.629101', '11.0'),
(293813, 6, 19, 3, '2016-06-21 15:17:44.136039', '11.0'),
(295433, 7, 19, 4, '2016-06-29 14:10:37.355706', '11.0'),
(295974, 7, 19, 5, '2016-07-01 10:39:17.317759', '11.0'),
(296159, 10, 19, 6, '2016-07-01 15:39:19.367031', '11.0'),
(296520, 5, 19, 7, '2016-07-04 21:04:56.04648', '11.0'),
(296599, 7, 19, 8, '2016-07-05 08:30:24.740825', '11.0'),
(296808, 7, 19, 9, '2016-07-05 13:14:01.134727', '11.0'),
(296827, 6, 19, 10, '2016-07-05 13:37:43.278973', '11.0'),
(297592, 7, 19, 11, '2016-07-07 10:09:38.922129', '11.0'),
(318730, 6, 20, 60, '2016-10-05 17:17:20.609964', '11.0'),
(318902, 6, 20, 61, '2016-10-06 10:42:56.511582', '11.0'),
(315754, 6, 20, 42, '2016-09-19 11:12:52.278464', '11.0'),
(307657, 7, 20, 18, '2016-08-04 14:59:16.468315', '11.0'),
(307754, 6, 20, 19, '2016-08-05 11:27:32.207893', '11.0'),
(312492, 4, 20, 21, '2016-09-01 21:26:10.981678', '11.0'),
(316279, 7, 20, 43, '2016-09-21 13:13:45.537457', '11.0'),
(316301, 6, 20, 44, '2016-09-21 14:09:19.436844', '11.0'),
(316332, 7, 20, 45, '2016-09-21 15:36:23.5598', '11.0'),
(316347, 6, 20, 46, '2016-09-21 16:17:53.03798', '11.0'),
(312675, 9, 20, 22, '2016-09-02 15:48:00.215321', '11.0'),
(312708, 9, 20, 23, '2016-09-02 16:56:48.004819', '11.0'),
(312749, 4, 20, 24, '2016-09-02 21:02:23.52154', '11.0'),
(316419, 7, 20, 47, '2016-09-22 09:04:35.98639', '11.0'),
(316426, 6, 20, 48, '2016-09-22 09:16:45.230387', '11.0'),
(312831, 7, 20, 25, '2016-09-05 11:56:02.092252', '11.0'),
(312950, 6, 20, 26, '2016-09-05 16:54:19.360144', '11.0'),
(319722, 6, 20, 62, '2016-10-10 14:25:20.877848', '11.0'),
(316659, 7, 20, 49, '2016-09-23 07:48:45.950423', '11.0'),
(313049, 6, 20, 27, '2016-09-06 11:22:13.209466', '11.0'),
(316680, 4, 20, 50, '2016-09-23 09:01:27.32724', '11.0'),
(316706, 7, 20, 51, '2016-09-23 09:40:27.432165', '11.0'),
(316726, 7, 20, 52, '2016-09-23 10:55:44.233834', '11.0'),
(316727, 7, 20, 53, '2016-09-23 10:58:35.511627', '11.0'),
(313156, 6, 20, 28, '2016-09-06 15:14:24.785458', '11.0'),
(316819, 7, 20, 54, '2016-09-23 16:45:19.963452', '11.0'),
(304067, 6, 20, 15, '2016-07-20 13:56:46.02662', '11.0'),
(304199, 6, 20, 16, '2016-07-20 17:05:55.038818', '11.0'),
(316827, 7, 20, 55, '2016-09-23 17:08:32.385128', '11.0'),
(316970, 7, 20, 56, '2016-09-26 13:31:15.771659', '11.0'),
(317009, 6, 20, 57, '2016-09-26 14:07:32.576455', '11.0'),
(313245, 6, 20, 29, '2016-09-07 08:56:38.278211', '11.0'),
(313618, 6, 20, 30, '2016-09-08 17:03:27.083995', '11.0'),
(313689, 6, 20, 31, '2016-09-09 09:21:48.522547', '11.0'),
(309650, 6, 20, 20, '2016-08-17 11:58:33.149205', '11.0'),
(313974, 7, 20, 32, '2016-09-12 09:24:06.806791', '11.0'),
(314130, 6, 20, 33, '2016-09-12 14:02:17.08875', '11.0'),
(314300, 7, 20, 34, '2016-09-13 08:40:52.851488', '11.0'),
(323908, 6, 20, 63, '2016-10-19 09:42:35.611133', '11.0'),
(314583, 6, 20, 35, '2016-09-13 15:42:19.031823', '11.0'),
(314927, 7, 20, 37, '2016-09-14 15:45:42.163449', '11.0'),
(314924, 7, 20, 36, '2016-09-14 15:43:50.648878', '11.0'),
(314953, 6, 20, 38, '2016-09-14 16:19:07.941557', '11.0'),
(306454, 4, 20, 17, '2016-07-29 09:36:54.672828', '11.0'),
(314970, 6, 20, 4, '2016-09-14 16:52:31.678444', '11.0'),
(315027, 7, 20, 40, '2016-09-14 20:02:13.263981', '11.0'),
(318376, 6, 20, 58, '2016-10-04 11:47:03.852577', '11.0'),
(315185, 6, 20, 41, '2016-09-15 10:12:58.270378', '11.0'),
(318476, 6, 20, 9, '2016-10-04 17:41:45.765758', '11.0'),
(289191, 6, 20, 0, '2016-06-07 13:20:27.487203', '11.0'),
(289192, 6, 20, 1, '2016-06-07 13:20:31.042736', '11.0'),
(295764, 7, 20, 2, '2016-06-30 13:50:50.821277', '11.0'),
(296254, 7, 20, 3, '2016-07-04 09:33:20.628174', '11.0'),
(296489, 5, 20, 5, '2016-07-04 19:06:02.707338', '11.0'),
(296493, 5, 20, 6, '2016-07-04 19:25:49.402475', '11.0'),
(296495, 5, 20, 7, '2016-07-04 19:26:44.650112', '11.0'),
(296486, 5, 20, 4, '2016-07-04 18:27:09.243469', '11.0'),
(296518, 5, 20, 9, '2016-07-04 20:50:34.354233', '11.0'),
(296498, 5, 20, 8, '2016-07-04 19:28:46.788131', '11.0'),
(296521, 5, 20, 10, '2016-07-04 21:08:42.542414', '11.0'),
(296522, 5, 20, 11, '2016-07-04 21:09:59.386261', '11.0'),
(296688, 7, 20, 12, '2016-07-05 10:47:03.103741', '11.0'),
(296839, 7, 20, 14, '2016-07-05 13:50:49.851837', '11.0'),
(296792, 7, 20, 13, '2016-07-05 12:53:51.961471', '11.0'),
(318620, 6, 21, 40, '2016-10-05 14:55:04.176598', '11.0'),
(318720, 6, 21, 41, '2016-10-05 17:04:48.79374', '11.0'),
(315674, 3, 21, 27, '2016-09-19 08:21:45.753264', '11.0'),
(315729, 6, 21, 28, '2016-09-19 10:51:53.004032', '11.0'),
(312485, 4, 21, 5, '2016-09-01 21:07:53.656659', '11.0'),
(312699, 3, 21, 6, '2016-09-02 16:23:06.907648', '11.0'),
(316377, 3, 21, 29, '2016-09-21 19:56:26.802977', '11.0'),
(316378, 3, 21, 30, '2016-09-21 20:06:23.692932', '11.0'),
(316405, 6, 21, 31, '2016-09-22 08:46:36.514193', '11.0'),
(316623, 4, 21, 32, '2016-09-22 15:53:59.138568', '11.0'),
(313093, 6, 21, 7, '2016-09-06 12:55:36.13814', '11.0'),
(316787, 6, 21, 33, '2016-09-23 14:46:15.581336', '11.0'),
(316903, 3, 21, 34, '2016-09-26 10:41:07.640004', '11.0'),
(313455, 3, 21, 8, '2016-09-07 22:19:18.968654', '11.0'),
(313456, 3, 21, 9, '2016-09-07 22:42:57.101747', '11.0'),
(313501, 6, 21, 10, '2016-09-08 10:25:54.113652', '11.0'),
(313507, 6, 21, 11, '2016-09-08 10:52:41.472771', '11.0'),
(313644, 3, 21, 12, '2016-09-08 19:53:59.073106', '11.0'),
(313675, 6, 21, 13, '2016-09-09 08:48:54.79943', '11.0'),
(309601, 6, 21, 0, '2016-08-17 10:40:53.890981', '11.0'),
(309602, 6, 21, 1, '2016-08-17 10:41:00.169543', '11.0'),
(309603, 6, 21, 2, '2016-08-17 10:43:35.861305', '11.0'),
(313786, 6, 21, 14, '2016-09-09 11:56:37.43083', '11.0'),
(313811, 3, 21, 15, '2016-09-09 13:17:56.97783', '11.0'),
(313815, 3, 21, 16, '2016-09-09 13:32:41.77472', '11.0'),
(309795, 3, 21, 3, '2016-08-17 17:12:02.672357', '11.0'),
(309807, 3, 21, 4, '2016-08-17 17:30:38.730601', '11.0'),
(313847, 3, 21, 17, '2016-09-09 14:23:01.288463', '11.0'),
(314049, 6, 21, 18, '2016-09-12 11:19:19.89856', '11.0'),
(314126, 3, 21, 19, '2016-09-12 13:58:10.983941', '11.0'),
(314215, 6, 21, 20, '2016-09-12 16:52:07.51371', '11.0'),
(314254, 3, 21, 21, '2016-09-12 20:53:44.392051', '11.0'),
(314262, 4, 21, 22, '2016-09-12 22:29:03.842277', '11.0'),
(314378, 6, 21, 23, '2016-09-13 10:00:46.057353', '11.0'),
(314492, 6, 21, 24, '2016-09-13 13:09:47.212093', '11.0'),
(314663, 3, 21, 25, '2016-09-14 08:08:04.770798', '11.0'),
(316987, 6, 21, 35, '2016-09-26 13:58:33.381842', '11.0'),
(318221, 6, 21, 36, '2016-10-03 17:00:33.659433', '11.0'),
(318468, 6, 21, 37, '2016-10-04 17:11:35.740083', '11.0'),
(318512, 6, 21, 38, '2016-10-05 08:49:16.436411', '11.0'),
(315342, 4, 21, 26, '2016-09-15 15:36:29.365783', '11.0'),
(318587, 6, 21, 4, '2016-10-05 13:57:23.392039', '11.0'),
(319809, 6, 22, 86, '2016-10-10 15:55:21.873964', '11.0'),
(318612, 6, 22, 82, '2016-10-05 14:38:42.622581', '11.0'),
(318721, 6, 22, 83, '2016-10-05 17:06:38.393659', '11.0'),
(307202, 6, 22, 0, '2016-08-02 14:04:57.544658', '11.0'),
(307203, 6, 22, 1, '2016-08-02 14:05:15.223922', '11.0'),
(307211, 6, 22, 2, '2016-08-02 14:08:21.833122', '11.0'),
(315584, 6, 22, 65, '2016-09-16 15:17:12.320784', '11.0'),
(315569, 6, 22, 64, '2016-09-16 14:41:46.912518', '11.0'),
(320122, 6, 22, 87, '2016-10-11 13:39:11.864247', '11.0'),
(318891, 6, 22, 84, '2016-10-06 10:28:39.284734', '11.0'),
(315730, 6, 22, 66, '2016-09-19 10:53:23.049093', '11.0'),
(312019, 7, 22, 19, '2016-08-30 15:55:25.039062', '11.0'),
(312087, 3, 22, 20, '2016-08-31 08:28:51.293239', '11.0'),
(312197, 7, 22, 21, '2016-08-31 14:05:28.945881', '11.0'),
(312276, 4, 22, 22, '2016-08-31 19:58:57.426418', '11.0'),
(312280, 4, 22, 23, '2016-08-31 22:37:03.698826', '11.0'),
(312281, 4, 22, 24, '2016-08-31 22:49:32.872168', '11.0'),
(312284, 4, 22, 25, '2016-08-31 23:05:40.737863', '11.0'),
(312286, 4, 22, 26, '2016-08-31 23:21:42.56949', '11.0'),
(316002, 7, 22, 67, '2016-09-20 11:47:41.53068', '11.0'),
(316038, 6, 22, 68, '2016-09-20 13:41:33.67477', '11.0'),
(312385, 9, 22, 27, '2016-09-01 11:47:13.10329', '11.0'),
(312388, 9, 22, 28, '2016-09-01 11:49:14.178523', '11.0'),
(312393, 7, 22, 29, '2016-09-01 12:19:04.515417', '11.0'),
(316101, 7, 22, 69, '2016-09-20 16:04:03.341141', '11.0'),
(316254, 6, 22, 70, '2016-09-21 11:48:13.094804', '11.0'),
(316257, 6, 22, 71, '2016-09-21 12:07:43.644331', '11.0'),
(316272, 7, 22, 72, '2016-09-21 13:03:51.700467', '11.0'),
(308284, 5, 22, 3, '2016-08-10 10:28:33.943847', '11.0'),
(308297, 6, 22, 4, '2016-08-10 11:05:12.374941', '11.0'),
(308324, 6, 22, 5, '2016-08-10 12:04:20.746824', '11.0'),
(308341, 5, 22, 6, '2016-08-10 13:01:29.872284', '11.0'),
(308355, 6, 22, 7, '2016-08-10 13:37:43.376564', '11.0'),
(308387, 6, 22, 8, '2016-08-10 14:39:57.807886', '11.0'),
(308414, 6, 22, 9, '2016-08-10 15:28:07.024772', '11.0'),
(316458, 7, 22, 73, '2016-09-22 10:21:02.650467', '11.0'),
(312813, 7, 22, 30, '2016-09-05 10:31:54.564798', '11.0'),
(312828, 6, 22, 31, '2016-09-05 11:49:15.886434', '11.0'),
(312834, 7, 22, 32, '2016-09-05 12:13:23.367796', '11.0'),
(312838, 7, 22, 33, '2016-09-05 12:34:45.241388', '11.0'),
(316505, 6, 22, 74, '2016-09-22 12:35:44.632875', '11.0'),
(319710, 6, 22, 85, '2016-10-10 14:11:36.970761', '11.0'),
(313001, 6, 22, 34, '2016-09-06 09:15:36.547677', '11.0'),
(313038, 7, 22, 35, '2016-09-06 10:40:57.098207', '11.0'),
(313065, 6, 22, 36, '2016-09-06 11:47:19.6104', '11.0'),
(316685, 7, 22, 75, '2016-09-23 09:06:34.156178', '11.0'),
(316693, 6, 22, 76, '2016-09-23 09:24:06.323053', '11.0'),
(316791, 6, 22, 77, '2016-09-23 14:52:05.891564', '11.0'),
(313366, 6, 22, 37, '2016-09-07 12:26:04.297225', '11.0'),
(316906, 6, 22, 78, '2016-09-26 10:50:14.550384', '11.0'),
(309210, 5, 22, 10, '2016-08-16 08:22:02.19198', '11.0'),
(316989, 6, 22, 79, '2016-09-26 14:00:17.123724', '11.0'),
(313524, 6, 22, 38, '2016-09-08 13:47:06.798703', '11.0'),
(313593, 10, 22, 4, '2016-09-08 16:37:51.887091', '11.0'),
(313602, 6, 22, 40, '2016-09-08 16:43:41.215197', '11.0'),
(313641, 10, 22, 41, '2016-09-08 19:31:13.100519', '11.0'),
(313707, 10, 22, 42, '2016-09-09 09:53:49.578185', '11.0'),
(309639, 6, 22, 11, '2016-08-17 11:51:15.566104', '11.0'),
(313793, 6, 22, 43, '2016-09-09 12:24:26.927307', '11.0'),
(309797, 3, 22, 12, '2016-08-17 17:15:36.750297', '11.0'),
(309809, 3, 22, 13, '2016-08-17 17:32:39.707549', '11.0'),
(314056, 6, 22, 44, '2016-09-12 11:33:20.823656', '11.0'),
(310177, 6, 22, 14, '2016-08-19 08:51:45.812518', '11.0'),
(314084, 10, 22, 45, '2016-09-12 12:35:55.076332', '11.0'),
(314206, 10, 22, 46, '2016-09-12 16:27:16.545384', '11.0'),
(314219, 6, 22, 47, '2016-09-12 17:03:06.564575', '11.0'),
(314226, 10, 22, 48, '2016-09-12 17:18:29.809576', '11.0'),
(314240, 10, 22, 49, '2016-09-12 18:42:58.620293', '11.0'),
(314481, 6, 22, 50, '2016-09-13 12:26:05.175019', '11.0'),
(314531, 10, 22, 51, '2016-09-13 14:19:53.207867', '11.0'),
(314615, 10, 22, 52, '2016-09-13 17:38:46.279656', '11.0'),
(314622, 10, 22, 53, '2016-09-13 19:32:48.589684', '11.0'),
(314635, 4, 22, 54, '2016-09-13 20:17:21.957592', '11.0'),
(314638, 4, 22, 55, '2016-09-13 20:29:46.737357', '11.0'),
(314710, 10, 22, 56, '2016-09-14 09:35:01.954909', '11.0'),
(311033, 7, 22, 15, '2016-08-23 14:32:12.072811', '11.0'),
(311092, 7, 22, 16, '2016-08-23 20:31:31.705267', '11.0'),
(314821, 6, 22, 57, '2016-09-14 13:44:21.632594', '11.0'),
(314892, 10, 22, 58, '2016-09-14 14:59:31.12545', '11.0'),
(314907, 10, 22, 9, '2016-09-14 15:27:39.042876', '11.0'),
(311189, 7, 22, 17, '2016-08-24 12:38:34.57923', '11.0'),
(314965, 10, 22, 60, '2016-09-14 16:41:51.190667', '11.0'),
(318222, 6, 22, 80, '2016-10-03 17:09:27.182447', '11.0'),
(311228, 8, 22, 18, '2016-08-24 14:08:06.104177', '11.0'),
(315154, 6, 22, 61, '2016-09-15 09:36:13.710899', '11.0'),
(315160, 3, 22, 62, '2016-09-15 09:44:09.31415', '11.0'),
(318469, 6, 22, 81, '2016-10-04 17:17:39.738381', '11.0'),
(315382, 6, 22, 63, '2016-09-15 17:16:29.927774', '11.0'),
(318590, 6, 23, 88, '2016-10-05 13:59:51.123031', '11.0'),
(315497, 7, 23, 68, '2016-09-16 11:30:04.61563', '11.0'),
(318722, 6, 23, 89, '2016-10-05 17:07:57.019334', '11.0'),
(307205, 6, 23, 1, '2016-08-02 14:06:19.561971', '11.0'),
(307204, 6, 23, 0, '2016-08-02 14:06:13.014938', '11.0'),
(307212, 6, 23, 2, '2016-08-02 14:09:00.957984', '11.0'),
(320124, 6, 23, 92, '2016-10-11 13:41:11.474558', '11.0'),
(320128, 6, 23, 93, '2016-10-11 13:43:50.077365', '11.0'),
(311917, 7, 23, 24, '2016-08-30 10:05:17.335284', '11.0'),
(318892, 6, 23, 90, '2016-10-06 10:30:32.853564', '11.0'),
(311985, 7, 23, 25, '2016-08-30 14:19:46.995128', '11.0'),
(315731, 6, 23, 69, '2016-09-19 10:54:19.045588', '11.0'),
(312013, 7, 23, 26, '2016-08-30 15:41:35.887656', '11.0'),
(312043, 7, 23, 27, '2016-08-30 18:02:23.371366', '11.0'),
(312277, 4, 23, 28, '2016-08-31 20:15:37.981092', '11.0'),
(316012, 7, 23, 70, '2016-09-20 12:03:18.466213', '11.0'),
(316039, 6, 23, 71, '2016-09-20 13:42:31.360831', '11.0'),
(307911, 5, 23, 3, '2016-08-08 11:49:38.764652', '11.0'),
(312386, 9, 23, 29, '2016-09-01 11:47:31.612826', '11.0'),
(307961, 5, 23, 4, '2016-08-08 15:09:14.828234', '11.0'),
(316105, 7, 23, 72, '2016-09-20 16:15:14.262559', '11.0'),
(307962, 5, 23, 5, '2016-08-08 15:18:18.090309', '11.0'),
(312416, 7, 23, 30, '2016-09-01 12:48:36.353192', '11.0'),
(312483, 4, 23, 31, '2016-09-01 20:49:18.501893', '11.0'),
(308343, 6, 23, 6, '2016-08-10 13:08:22.975797', '11.0'),
(312703, 9, 23, 32, '2016-09-02 16:35:05.769714', '11.0'),
(308423, 5, 23, 7, '2016-08-10 15:50:54.63872', '11.0'),
(308442, 5, 23, 8, '2016-08-10 16:59:38.667371', '11.0'),
(316275, 7, 23, 73, '2016-09-21 13:09:01.163509', '11.0'),
(316460, 7, 23, 74, '2016-09-22 10:28:16.055781', '11.0'),
(312819, 7, 23, 33, '2016-09-05 10:58:54.146281', '11.0'),
(308495, 6, 23, 9, '2016-08-11 09:09:33.520856', '11.0'),
(316473, 7, 23, 75, '2016-09-22 11:06:31.214116', '11.0'),
(316477, 7, 23, 76, '2016-09-22 11:22:43.811295', '11.0'),
(312880, 7, 23, 34, '2016-09-05 14:31:47.381524', '11.0'),
(312935, 7, 23, 35, '2016-09-05 15:57:06.986511', '11.0'),
(312941, 7, 23, 36, '2016-09-05 16:33:43.267741', '11.0'),
(313006, 6, 23, 37, '2016-09-06 09:29:36.755696', '11.0'),
(319713, 6, 23, 91, '2016-10-10 14:13:34.197557', '11.0'),
(313015, 6, 23, 38, '2016-09-06 09:51:01.165421', '11.0'),
(316676, 6, 23, 77, '2016-09-23 08:54:19.420079', '11.0'),
(316694, 7, 23, 78, '2016-09-23 09:24:16.073236', '11.0'),
(316716, 7, 23, 79, '2016-09-23 09:58:19.339715', '11.0'),
(316718, 6, 23, 80, '2016-09-23 10:09:27.804895', '11.0'),
(313080, 7, 23, 4, '2016-09-06 12:19:15.040269', '11.0'),
(313177, 7, 23, 40, '2016-09-06 16:05:24.426249', '11.0'),
(313197, 7, 23, 41, '2016-09-06 16:31:10.254713', '11.0'),
(316854, 7, 23, 81, '2016-09-25 19:32:32.556447', '11.0'),
(313369, 6, 23, 42, '2016-09-07 12:28:59.785602', '11.0'),
(316909, 6, 23, 82, '2016-09-26 10:52:50.073264', '11.0'),
(309253, 5, 23, 10, '2016-08-16 09:29:33.89227', '11.0'),
(309274, 6, 23, 11, '2016-08-16 09:59:20.754619', '11.0'),
(309303, 5, 23, 12, '2016-08-16 10:36:16.647882', '11.0'),
(309306, 5, 23, 13, '2016-08-16 10:40:25.663471', '11.0'),
(309323, 5, 23, 14, '2016-08-16 11:02:57.446832', '11.0'),
(316995, 6, 23, 83, '2016-09-26 14:01:05.569532', '11.0'),
(309363, 6, 23, 15, '2016-08-16 12:14:21.812343', '11.0'),
(313516, 10, 23, 43, '2016-09-08 13:08:21.014211', '11.0'),
(317115, 4, 23, 84, '2016-09-26 16:23:35.844028', '11.0'),
(313610, 10, 23, 44, '2016-09-08 16:56:18.901033', '11.0'),
(313614, 6, 23, 45, '2016-09-08 16:59:41.734143', '11.0'),
(313632, 10, 23, 46, '2016-09-08 18:01:09.40299', '11.0'),
(313694, 10, 23, 47, '2016-09-09 09:28:32.4642', '11.0'),
(309640, 6, 23, 16, '2016-08-17 11:52:18.981163', '11.0'),
(313810, 10, 23, 48, '2016-09-09 13:17:26.161824', '11.0'),
(309810, 3, 23, 17, '2016-08-17 17:33:20.62834', '11.0'),
(309811, 3, 23, 18, '2016-08-17 17:34:05.110676', '11.0'),
(314061, 6, 23, 49, '2016-09-12 11:41:57.004981', '11.0'),
(314096, 10, 23, 50, '2016-09-12 12:56:08.701628', '11.0'),
(314103, 6, 23, 51, '2016-09-12 13:04:09.441971', '11.0'),
(314216, 10, 23, 52, '2016-09-12 16:54:26.494415', '11.0'),
(314222, 6, 23, 53, '2016-09-12 17:10:20.874659', '11.0'),
(314242, 10, 23, 54, '2016-09-12 18:48:05.499338', '11.0'),
(310482, 7, 23, 19, '2016-08-19 15:04:30.015888', '11.0'),
(310518, 7, 23, 20, '2016-08-19 17:38:56.88305', '11.0'),
(314494, 6, 23, 55, '2016-09-13 13:13:35.052999', '11.0'),
(310801, 7, 23, 21, '2016-08-22 17:22:31.336364', '11.0'),
(314617, 10, 23, 56, '2016-09-13 18:03:49.159869', '11.0'),
(314620, 4, 23, 57, '2016-09-13 19:20:25.561685', '11.0'),
(314624, 10, 23, 58, '2016-09-13 19:42:01.109852', '11.0'),
(314629, 4, 23, 9, '2016-09-13 20:03:05.826984', '11.0'),
(314706, 10, 23, 60, '2016-09-14 09:28:03.859558', '11.0'),
(314747, 10, 23, 61, '2016-09-14 10:44:14.714426', '11.0'),
(314753, 6, 23, 62, '2016-09-14 11:11:43.897281', '11.0'),
(314779, 10, 23, 63, '2016-09-14 12:22:51.235002', '11.0'),
(314920, 10, 23, 64, '2016-09-14 15:41:43.176588', '11.0'),
(314968, 10, 23, 65, '2016-09-14 16:48:53.013565', '11.0'),
(311257, 7, 23, 22, '2016-08-24 15:36:18.576886', '11.0'),
(311291, 8, 23, 23, '2016-08-24 18:00:25.251655', '11.0'),
(318296, 6, 23, 85, '2016-10-04 09:17:04.017756', '11.0'),
(315230, 7, 23, 66, '2016-09-15 11:33:26.693322', '11.0'),
(318470, 6, 23, 86, '2016-10-04 17:21:30.474568', '11.0'),
(318513, 6, 23, 87, '2016-10-05 08:50:35.534201', '11.0'),
(315379, 6, 23, 67, '2016-09-15 17:13:56.66288', '11.0'),
(315535, 7, 24, 76, '2016-09-16 13:15:58.739328', '11.0'),
(315551, 6, 24, 77, '2016-09-16 13:59:36.891378', '11.0'),
(318723, 6, 24, 6, '2016-10-05 17:09:10.901876', '11.0'),
(315567, 7, 24, 78, '2016-09-16 14:37:25.320551', '11.0'),
(307206, 6, 24, 0, '2016-08-02 14:06:48.78616', '11.0'),
(307207, 6, 24, 1, '2016-08-02 14:06:55.321216', '11.0'),
(315575, 6, 24, 79, '2016-09-16 15:00:35.891067', '11.0'),
(307214, 6, 24, 2, '2016-08-02 14:09:39.778507', '11.0'),
(307231, 7, 24, 3, '2016-08-02 14:47:43.828278', '11.0'),
(320131, 6, 24, 115, '2016-10-11 13:45:43.483202', '11.0'),
(307414, 6, 24, 4, '2016-08-03 08:44:41.585757', '11.0'),
(318893, 6, 24, 8, '2016-10-06 10:32:04.988434', '11.0'),
(315732, 6, 24, 80, '2016-09-19 10:55:21.039807', '11.0'),
(315772, 7, 24, 81, '2016-09-19 11:41:40.552513', '11.0'),
(315884, 7, 24, 82, '2016-09-19 17:07:47.448136', '11.0'),
(312191, 7, 24, 18, '2016-08-31 14:00:28.723688', '11.0'),
(316015, 7, 24, 83, '2016-09-20 12:25:13.352402', '11.0'),
(316036, 6, 24, 84, '2016-09-20 13:38:28.482503', '11.0'),
(316044, 6, 24, 85, '2016-09-20 13:44:28.961506', '11.0'),
(312345, 7, 24, 19, '2016-09-01 09:34:53.337109', '11.0'),
(312367, 7, 24, 20, '2016-09-01 10:56:24.325997', '11.0'),
(316075, 6, 24, 86, '2016-09-20 14:52:36.365471', '11.0'),
(312387, 9, 24, 21, '2016-09-01 11:47:47.931627', '11.0'),
(316109, 7, 24, 87, '2016-09-20 16:31:20.91642', '11.0'),
(312428, 7, 24, 22, '2016-09-01 13:31:02.328617', '11.0'),
(316117, 7, 24, 88, '2016-09-20 16:58:41.650071', '11.0'),
(316123, 7, 24, 89, '2016-09-20 17:05:36.219778', '11.0'),
(312436, 9, 24, 23, '2016-09-01 14:07:17.197148', '11.0'),
(312439, 7, 24, 24, '2016-09-01 14:25:38.393781', '11.0'),
(312465, 7, 24, 25, '2016-09-01 16:42:07.059154', '11.0'),
(312484, 4, 24, 26, '2016-09-01 20:52:28.460083', '11.0'),
(316196, 6, 24, 90, '2016-09-21 09:04:16.107294', '11.0'),
(316265, 7, 24, 91, '2016-09-21 12:44:30.305516', '11.0'),
(312610, 7, 24, 27, '2016-09-02 13:01:21.521207', '11.0'),
(316344, 7, 24, 92, '2016-09-21 16:16:17.43014', '11.0'),
(308340, 7, 24, 5, '2016-08-10 12:55:20.87312', '11.0'),
(316370, 6, 24, 93, '2016-09-21 17:27:02.558709', '11.0'),
(308360, 6, 24, 6, '2016-08-10 13:44:56.435494', '11.0'),
(312710, 7, 24, 28, '2016-09-02 16:59:16.771273', '11.0'),
(312713, 9, 24, 29, '2016-09-02 17:05:00.004072', '11.0'),
(312725, 4, 24, 30, '2016-09-02 20:10:00.338472', '11.0'),
(312755, 4, 24, 31, '2016-09-02 21:26:32.888997', '11.0'),
(312788, 7, 24, 32, '2016-09-05 09:29:22.82239', '11.0'),
(312801, 3, 24, 33, '2016-09-05 10:08:16.860713', '11.0'),
(316462, 7, 24, 94, '2016-09-22 10:31:17.347027', '11.0'),
(316469, 7, 24, 95, '2016-09-22 10:38:48.83056', '11.0'),
(312825, 6, 24, 34, '2016-09-05 11:27:57.254385', '11.0'),
(316481, 7, 24, 96, '2016-09-22 11:33:40.56072', '11.0'),
(316502, 6, 24, 97, '2016-09-22 12:25:48.329271', '11.0'),
(316503, 7, 24, 98, '2016-09-22 12:34:18.747053', '11.0'),
(312923, 7, 24, 35, '2016-09-05 15:40:50.455245', '11.0'),
(316609, 7, 24, 99, '2016-09-22 15:22:28.9663', '11.0'),
(316612, 7, 24, 100, '2016-09-22 15:28:42.710083', '11.0'),
(319715, 6, 24, 114, '2016-10-10 14:15:23.103866', '11.0'),
(313013, 6, 24, 36, '2016-09-06 09:49:02.069574', '11.0'),
(316650, 7, 24, 10, '2016-09-22 17:54:04.382335', '11.0'),
(316669, 6, 24, 102, '2016-09-23 08:45:55.084879', '11.0'),
(316700, 7, 24, 103, '2016-09-23 09:33:24.85155', '11.0'),
(316720, 6, 24, 104, '2016-09-23 10:27:08.946102', '11.0'),
(313126, 7, 24, 38, '2016-09-06 13:49:00.744632', '11.0'),
(313017, 6, 24, 37, '2016-09-06 09:51:42.554567', '11.0'),
(316724, 7, 24, 105, '2016-09-23 10:50:06.444', '11.0'),
(308922, 7, 24, 7, '2016-08-12 16:22:42.426508', '11.0'),
(313211, 6, 24, 4, '2016-09-06 17:18:26.718985', '11.0'),
(316804, 6, 24, 106, '2016-09-23 15:23:25.15911', '11.0'),
(313225, 7, 24, 40, '2016-09-06 22:08:53.485446', '11.0'),
(316807, 7, 24, 107, '2016-09-23 16:02:28.242139', '11.0'),
(313226, 7, 24, 41, '2016-09-07 02:34:12.621141', '11.0'),
(309153, 7, 24, 8, '2016-08-15 15:51:29.59724', '11.0'),
(309168, 7, 24, 9, '2016-08-15 16:31:34.429693', '11.0'),
(309169, 6, 24, 10, '2016-08-15 16:38:02.697172', '11.0'),
(313371, 6, 24, 42, '2016-09-07 12:30:32.448046', '11.0'),
(316910, 6, 24, 108, '2016-09-26 10:55:24.417637', '11.0'),
(316998, 6, 24, 109, '2016-09-26 14:02:05.629168', '11.0'),
(317030, 4, 24, 9, '2016-09-26 14:46:25.357099', '11.0'),
(313528, 10, 24, 43, '2016-09-08 14:02:24.014128', '11.0'),
(313604, 6, 24, 44, '2016-09-08 16:44:42.47224', '11.0'),
(313615, 10, 24, 45, '2016-09-08 17:00:36.801757', '11.0'),
(309549, 6, 24, 11, '2016-08-17 09:07:23.431585', '11.0'),
(313653, 10, 24, 46, '2016-09-08 20:53:38.111744', '11.0'),
(313687, 10, 24, 47, '2016-09-09 09:17:57.54179', '11.0'),
(313701, 10, 24, 48, '2016-09-09 09:42:42.987068', '11.0'),
(309687, 6, 24, 12, '2016-08-17 12:58:54.806629', '11.0'),
(313746, 6, 24, 49, '2016-09-09 10:33:47.521434', '11.0'),
(313748, 10, 24, 50, '2016-09-09 10:36:57.351114', '11.0'),
(313758, 10, 24, 51, '2016-09-09 11:05:25.505844', '11.0'),
(313780, 10, 24, 52, '2016-09-09 11:45:26.303811', '11.0'),
(309746, 7, 24, 13, '2016-08-17 15:18:21.909376', '11.0'),
(309760, 7, 24, 14, '2016-08-17 15:42:47.797715', '11.0'),
(309812, 3, 24, 15, '2016-08-17 17:35:58.386855', '11.0'),
(314068, 6, 24, 53, '2016-09-12 11:56:40.171405', '11.0'),
(314218, 10, 24, 54, '2016-09-12 17:01:10.843498', '11.0'),
(314221, 10, 24, 55, '2016-09-12 17:05:46.902303', '11.0'),
(314224, 6, 24, 56, '2016-09-12 17:15:06.225064', '11.0'),
(314230, 10, 24, 57, '2016-09-12 17:33:16.145841', '11.0'),
(314238, 10, 24, 58, '2016-09-12 18:27:43.515103', '11.0'),
(314259, 4, 24, 9, '2016-09-12 21:44:31.444211', '11.0'),
(314309, 4, 24, 60, '2016-09-13 08:46:04.460616', '11.0'),
(314366, 6, 24, 61, '2016-09-13 09:44:08.68372', '11.0'),
(310681, 7, 24, 16, '2016-08-22 13:37:17.561275', '11.0'),
(314496, 6, 24, 62, '2016-09-13 13:15:09.98074', '11.0'),
(310788, 7, 24, 17, '2016-08-22 16:35:31.102568', '11.0'),
(314625, 10, 24, 63, '2016-09-13 19:52:57.942853', '11.0'),
(314632, 10, 24, 64, '2016-09-13 20:12:01.526478', '11.0'),
(314746, 6, 24, 65, '2016-09-14 10:42:47.196459', '11.0'),
(314789, 10, 24, 66, '2016-09-14 12:50:22.686032', '11.0'),
(314824, 10, 24, 67, '2016-09-14 13:53:24.272865', '11.0'),
(314855, 6, 24, 68, '2016-09-14 14:18:52.192403', '11.0'),
(314928, 6, 24, 69, '2016-09-14 15:46:04.599292', '11.0'),
(314972, 10, 24, 70, '2016-09-14 16:54:17.762715', '11.0'),
(318338, 6, 24, 111, '2016-10-04 09:51:15.94694', '11.0'),
(315127, 6, 24, 71, '2016-09-15 08:47:54.399368', '11.0'),
(315170, 6, 24, 72, '2016-09-15 09:55:14.998907', '11.0'),
(315212, 6, 24, 73, '2016-09-15 11:17:00.800532', '11.0'),
(315249, 6, 24, 74, '2016-09-15 11:57:02.900859', '11.0'),
(315402, 10, 24, 75, '2016-09-15 18:38:37.858971', '11.0'),
(318724, 6, 25, 81, '2016-10-05 17:10:08.670023', '11.0'),
(307208, 6, 25, 0, '2016-08-02 14:07:13.026872', '11.0'),
(307209, 6, 25, 1, '2016-08-02 14:07:17.646844', '11.0'),
(307215, 6, 25, 2, '2016-08-02 14:10:32.222792', '11.0'),
(315580, 6, 25, 60, '2016-09-16 15:05:29.838601', '11.0'),
(315679, 7, 25, 61, '2016-09-19 08:45:22.943848', '11.0'),
(318894, 6, 25, 82, '2016-10-06 10:33:18.40318', '11.0'),
(315735, 6, 25, 62, '2016-09-19 10:56:11.864809', '11.0'),
(315997, 7, 25, 63, '2016-09-20 11:36:55.041054', '11.0'),
(316020, 7, 25, 64, '2016-09-20 12:37:25.014197', '11.0'),
(316045, 6, 25, 65, '2016-09-20 13:45:21.354245', '11.0'),
(316048, 7, 25, 66, '2016-09-20 13:51:20.510366', '11.0'),
(312437, 9, 25, 22, '2016-09-01 14:07:28.657559', '11.0'),
(316246, 7, 25, 67, '2016-09-21 11:04:32.356037', '11.0'),
(312472, 7, 25, 23, '2016-09-01 17:35:33.01527', '11.0'),
(312587, 7, 25, 24, '2016-09-02 11:01:52.967203', '11.0'),
(312659, 7, 25, 25, '2016-09-02 15:20:20.97502', '11.0'),
(308292, 6, 25, 3, '2016-08-10 10:43:32.689695', '11.0'),
(308294, 6, 25, 4, '2016-08-10 10:56:29.117117', '11.0'),
(312721, 7, 25, 26, '2016-09-02 18:18:25.021168', '11.0'),
(308384, 7, 25, 5, '2016-08-10 14:29:18.787591', '11.0'),
(312737, 4, 25, 27, '2016-09-02 20:45:12.449798', '11.0'),
(308411, 6, 25, 6, '2016-08-10 15:23:31.832658', '11.0'),
(312756, 4, 25, 28, '2016-09-02 21:29:47.015718', '11.0'),
(308439, 6, 25, 8, '2016-08-10 16:40:59.570249', '11.0'),
(308417, 6, 25, 7, '2016-08-10 15:34:47.152144', '11.0'),
(312799, 7, 25, 29, '2016-09-05 09:59:39.902144', '11.0'),
(312816, 7, 25, 30, '2016-09-05 10:43:51.695697', '11.0'),
(316468, 7, 25, 68, '2016-09-22 10:37:31.208581', '11.0'),
(316471, 7, 25, 69, '2016-09-22 10:53:41.172363', '11.0'),
(312832, 6, 25, 31, '2016-09-05 11:57:01.85554', '11.0'),
(316482, 7, 25, 70, '2016-09-22 11:40:26.716139', '11.0'),
(316501, 6, 25, 71, '2016-09-22 12:22:38.92482', '11.0'),
(312933, 7, 25, 32, '2016-09-05 15:53:14.666849', '11.0'),
(316628, 7, 25, 72, '2016-09-22 16:09:56.939904', '11.0'),
(319717, 6, 25, 83, '2016-10-10 14:16:34.866935', '11.0'),
(313019, 6, 25, 33, '2016-09-06 10:00:42.743223', '11.0'),
(316666, 7, 25, 73, '2016-09-23 08:28:45.750089', '11.0'),
(316679, 6, 25, 74, '2016-09-23 09:01:26.977711', '11.0'),
(316708, 7, 25, 75, '2016-09-23 09:42:45.090114', '11.0'),
(316714, 7, 25, 76, '2016-09-23 09:53:45.672412', '11.0'),
(316725, 7, 25, 77, '2016-09-23 10:53:30.108026', '11.0'),
(313134, 7, 25, 34, '2016-09-06 14:20:58.00765', '11.0'),
(313143, 7, 25, 35, '2016-09-06 14:48:02.740103', '11.0'),
(308926, 7, 25, 9, '2016-08-12 16:51:59.527789', '11.0'),
(313171, 6, 25, 36, '2016-09-06 15:48:05.336215', '11.0'),
(313209, 7, 25, 37, '2016-09-06 17:02:05.232475', '11.0'),
(313227, 7, 25, 38, '2016-09-07 02:39:11.554925', '11.0'),
(316811, 7, 25, 78, '2016-09-23 16:07:33.165063', '11.0'),
(309161, 7, 25, 10, '2016-08-15 16:11:15.884538', '11.0'),
(309170, 7, 25, 11, '2016-08-15 16:39:49.770911', '11.0'),
(309171, 6, 25, 12, '2016-08-15 16:52:12.89351', '11.0'),
(309174, 7, 25, 13, '2016-08-15 17:37:07.480355', '11.0'),
(313373, 6, 25, 4, '2016-09-07 12:33:31.352524', '11.0'),
(309224, 6, 25, 14, '2016-08-16 08:34:38.773785', '11.0'),
(317001, 6, 25, 79, '2016-09-26 14:02:56.263944', '11.0'),
(313605, 6, 25, 40, '2016-09-08 16:45:29.032017', '11.0'),
(313659, 10, 25, 41, '2016-09-08 21:09:04.742925', '11.0'),
(313702, 10, 25, 42, '2016-09-09 09:45:55.615509', '11.0'),
(309642, 6, 25, 15, '2016-08-17 11:54:00.081594', '11.0'),
(313751, 10, 25, 43, '2016-09-09 10:42:19.772637', '11.0'),
(309729, 7, 25, 16, '2016-08-17 14:44:34.571757', '11.0'),
(309758, 6, 25, 17, '2016-08-17 15:41:09.897984', '11.0'),
(313817, 10, 25, 44, '2016-09-09 13:42:58.760406', '11.0'),
(309813, 3, 25, 18, '2016-08-17 17:38:38.377382', '11.0'),
(310184, 7, 25, 19, '2016-08-19 09:03:11.857193', '11.0'),
(314075, 6, 25, 45, '2016-09-12 12:05:35.754413', '11.0'),
(314223, 10, 25, 46, '2016-09-12 17:12:31.961278', '11.0'),
(314227, 6, 25, 47, '2016-09-12 17:19:24.023632', '11.0'),
(314235, 10, 25, 48, '2016-09-12 18:04:51.313774', '11.0'),
(314239, 10, 25, 49, '2016-09-12 18:31:42.664272', '11.0'),
(314244, 10, 25, 50, '2016-09-12 19:01:38.12853', '11.0'),
(314260, 4, 25, 51, '2016-09-12 22:01:25.993364', '11.0'),
(314500, 6, 25, 52, '2016-09-13 13:24:18.38248', '11.0'),
(310775, 7, 25, 20, '2016-08-22 16:18:44.456769', '11.0'),
(310790, 7, 25, 21, '2016-08-22 16:44:27.475303', '11.0'),
(314626, 10, 25, 53, '2016-09-13 19:57:44.01932', '11.0'),
(314627, 10, 25, 54, '2016-09-13 19:59:29.766168', '11.0'),
(314801, 10, 25, 55, '2016-09-14 13:05:34.501169', '11.0'),
(314848, 10, 25, 56, '2016-09-14 14:12:14.311108', '11.0'),
(314978, 10, 25, 57, '2016-09-14 16:58:11.627234', '11.0'),
(315018, 10, 25, 58, '2016-09-14 19:35:57.085528', '11.0'),
(318355, 6, 25, 80, '2016-10-04 10:09:06.607532', '11.0'),
(315403, 10, 25, 9, '2016-09-15 18:40:39.308427', '11.0'),
(439260, 16, 26, 29, '2017-02-08 13:39:49.481922', '11.0'),
(358671, 16, 26, 6, '2017-01-02 10:37:28.325103', '11.0'),
(358700, 16, 26, 7, '2017-01-02 11:50:53.676025', '11.0'),
(364680, 15, 26, 8, '2017-01-11 12:34:41.190189', '11.0'),
(349677, 18, 26, 4, '2016-12-14 10:54:39.978331', '11.0'),
(330763, 12, 26, 0, '2016-11-03 14:49:59.690311', '11.0'),
(330764, 12, 26, 1, '2016-11-03 14:50:06.610634', '11.0'),
(330771, 12, 26, 2, '2016-11-03 14:51:46.028645', '11.0'),
(365091, 15, 26, 9, '2017-01-11 15:01:15.814328', '11.0'),
(371220, 15, 26, 10, '2017-01-16 15:19:14.015217', '11.0'),
(383731, 15, 26, 12, '2017-01-23 13:59:21.656975', '11.0'),
(392152, 18, 26, 14, '2017-01-26 08:37:50.947325', '11.0'),
(345894, 16, 26, 3, '2016-12-07 09:22:00.494507', '11.0'),
(351538, 16, 26, 5, '2016-12-16 08:49:48.54979', '11.0'),
(395866, 16, 26, 15, '2017-01-27 08:07:50.115045', '11.0'),
(375250, 16, 26, 11, '2017-01-18 12:48:52.221844', '11.0'),
(396015, 16, 26, 16, '2017-01-27 08:55:12.027944', '11.0'),
(384792, 15, 26, 13, '2017-01-23 17:07:56.048885', '11.0'),
(396090, 16, 26, 17, '2017-01-27 09:14:44.647427', '11.0'),
(396165, 16, 26, 18, '2017-01-27 09:27:30.339445', '11.0'),
(457442, 16, 26, 36, '2017-02-13 10:20:13.232358', '11.0'),
(452838, 16, 26, 35, '2017-02-10 14:38:05.619997', '11.0'),
(403204, 16, 26, 19, '2017-01-30 15:49:32.253418', '11.0'),
(449773, 16, 26, 33, '2017-02-10 09:42:35.850899', '11.0'),
(461720, 18, 26, 39, '2017-02-13 16:55:47.918951', '11.0'),
(458203, 17, 26, 37, '2017-02-13 11:32:13.044628', '11.0'),
(445114, 17, 26, 31, '2017-02-09 13:15:10.267801', '11.0'),
(458289, 17, 26, 38, '2017-02-13 11:41:49.137476', '11.0'),
(443028, 16, 26, 30, '2017-02-09 09:36:35.973728', '11.0'),
(445237, 16, 26, 32, '2017-02-09 13:26:43.668501', '11.0'),
(452312, 17, 26, 34, '2017-02-10 13:51:07.3069', '11.0'),
(462326, 15, 26, 40, '2017-02-13 18:13:36.791817', '11.0'),
(462827, 15, 26, 41, '2017-02-13 20:26:34.439505', '11.0'),
(409975, 18, 26, 20, '2017-02-01 09:05:12.321288', '11.0'),
(410096, 18, 26, 21, '2017-02-01 09:24:43.398552', '11.0'),
(410477, 18, 26, 22, '2017-02-01 10:21:59.280904', '11.0'),
(412121, 18, 26, 23, '2017-02-01 14:08:38.139731', '11.0'),
(463453, 16, 26, 42, '2017-02-14 08:09:22.312282', '11.0'),
(463689, 16, 26, 43, '2017-02-14 08:48:49.963771', '11.0'),
(414720, 18, 26, 24, '2017-02-02 08:47:12.710967', '11.0'),
(463903, 15, 26, 44, '2017-02-14 09:13:01.468917', '11.0'),
(470615, 17, 26, 47, '2017-02-15 09:17:26.190528', '11.0'),
(420842, 14, 26, 25, '2017-02-03 10:38:48.457669', '11.0'),
(484488, 16, 26, 48, '2017-02-17 09:14:28.324225', '11.0'),
(490793, 17, 26, 50, '2017-02-18 09:33:39.765541', '11.0'),
(497213, 14, 26, 51, '2017-02-20 16:30:32.390642', '11.0'),
(466990, 17, 26, 45, '2017-02-14 14:19:30.091775', '11.0'),
(467048, 16, 26, 46, '2017-02-14 14:24:48.305283', '11.0'),
(436820, 16, 26, 26, '2017-02-08 08:40:01.450125', '11.0'),
(437055, 16, 26, 27, '2017-02-08 09:15:34.938053', '11.0'),
(437225, 16, 26, 28, '2017-02-08 09:38:12.480627', '11.0'),
(488316, 16, 26, 49, '2017-02-17 14:28:22.397839', '11.0'),
(363196, 15, 27, 4, '2017-01-10 10:31:37.120635', '11.0'),
(358830, 16, 27, 3, '2017-01-02 15:47:41.999449', '11.0'),
(364929, 16, 27, 5, '2017-01-11 14:16:48.317753', '11.0'),
(383268, 15, 27, 16, '2017-01-23 12:34:17.212513', '11.0'),
(366195, 16, 27, 6, '2017-01-12 10:02:21.382943', '11.0'),
(366985, 15, 27, 7, '2017-01-12 14:28:42.990476', '11.0'),
(371297, 15, 27, 9, '2017-01-16 15:38:00.11602', '11.0'),
(379577, 16, 27, 14, '2017-01-20 09:20:19.037494', '11.0'),
(356692, 14, 27, 0, '2016-12-22 08:37:27.922596', '11.0'),
(356693, 14, 27, 1, '2016-12-22 08:37:42.764376', '11.0'),
(392150, 18, 27, 18, '2017-01-26 08:36:35.354487', '11.0'),
(377482, 16, 27, 13, '2017-01-19 12:24:00.867949', '11.0'),
(357024, 14, 27, 2, '2016-12-22 10:56:33.282507', '11.0'),
(384795, 15, 27, 17, '2017-01-23 17:08:39.859209', '11.0'),
(375838, 16, 27, 10, '2017-01-18 15:13:34.32211', '11.0'),
(375974, 16, 27, 11, '2017-01-18 15:48:00.47029', '11.0'),
(376000, 16, 27, 12, '2017-01-18 15:56:19.266261', '11.0'),
(368766, 15, 27, 8, '2017-01-13 13:35:53.525224', '11.0'),
(382814, 15, 27, 15, '2017-01-23 10:57:07.068502', '11.0'),
(457309, 16, 27, 36, '2017-02-13 10:10:00.08463', '11.0'),
(443913, 16, 27, 29, '2017-02-09 11:07:32.976257', '11.0'),
(401560, 16, 27, 19, '2017-01-30 11:58:12.944511', '11.0'),
(447070, 16, 27, 31, '2017-02-09 16:21:49.948599', '11.0'),
(402111, 16, 27, 20, '2017-01-30 13:24:27.036798', '11.0'),
(402480, 16, 27, 21, '2017-01-30 14:14:45.963309', '11.0'),
(446419, 17, 27, 30, '2017-02-09 15:19:43.461469', '11.0'),
(452804, 16, 27, 34, '2017-02-10 14:34:30.754704', '11.0'),
(452891, 16, 27, 35, '2017-02-10 14:41:43.618505', '11.0'),
(457833, 15, 27, 37, '2017-02-13 10:52:13.29809', '11.0'),
(451666, 14, 27, 32, '2017-02-10 12:50:08.397054', '11.0'),
(458254, 17, 27, 38, '2017-02-13 11:38:03.035835', '11.0'),
(461738, 18, 27, 39, '2017-02-13 16:57:13.491232', '11.0'),
(452242, 16, 27, 33, '2017-02-10 13:46:13.750549', '11.0'),
(462328, 15, 27, 40, '2017-02-13 18:14:05.25426', '11.0'),
(411045, 18, 27, 22, '2017-02-01 11:41:25.022753', '11.0'),
(412071, 18, 27, 23, '2017-02-01 14:01:25.371447', '11.0'),
(413150, 18, 27, 24, '2017-02-01 16:06:51.886843', '11.0'),
(462825, 15, 27, 41, '2017-02-13 20:26:12.071148', '11.0'),
(463536, 17, 27, 42, '2017-02-14 08:24:14.096174', '11.0'),
(414701, 18, 27, 25, '2017-02-02 08:42:43.153649', '11.0'),
(463876, 15, 27, 43, '2017-02-14 09:10:32.705229', '11.0'),
(420835, 14, 27, 26, '2017-02-03 10:38:08.697423', '11.0'),
(484453, 16, 27, 45, '2017-02-17 09:10:54.365848', '11.0'),
(425761, 16, 27, 27, '2017-02-06 09:33:10.451391', '11.0'),
(472590, 16, 27, 44, '2017-02-15 12:40:34.448359', '11.0'),
(433206, 16, 27, 28, '2017-02-07 13:04:26.380201', '11.0'),
(497218, 14, 27, 46, '2017-02-20 16:30:53.935995', '11.0'),
(359093, 16, 28, 4, '2017-01-03 12:56:25.857197', '11.0'),
(363182, 15, 28, 5, '2017-01-10 10:23:23.182197', '11.0'),
(363619, 16, 28, 6, '2017-01-10 13:55:21.30162', '11.0'),
(363860, 16, 28, 7, '2017-01-10 15:37:12.321787', '11.0'),
(439407, 16, 28, 33, '2017-02-08 13:54:08.012862', '11.0'),
(364260, 16, 28, 8, '2017-01-11 08:29:00.213324', '11.0'),
(358739, 16, 28, 3, '2017-01-02 13:20:07.890671', '11.0'),
(365303, 16, 28, 9, '2017-01-11 15:56:38.858924', '11.0'),
(383082, 15, 28, 21, '2017-01-23 11:59:43.163876', '11.0'),
(374306, 16, 28, 14, '2017-01-18 07:53:33.594623', '11.0'),
(379513, 16, 28, 17, '2017-01-20 08:53:56.067925', '11.0'),
(371280, 15, 28, 12, '2017-01-16 15:34:35.58706', '11.0'),
(356701, 14, 28, 1, '2016-12-22 08:40:40.016653', '11.0'),
(379657, 16, 28, 18, '2017-01-20 09:40:36.954725', '11.0'),
(356700, 14, 28, 0, '2016-12-22 08:40:31.522225', '11.0'),
(379754, 16, 28, 19, '2017-01-20 10:02:58.983836', '11.0'),
(392132, 18, 28, 23, '2017-01-26 08:30:50.470147', '11.0'),
(356998, 14, 28, 2, '2016-12-22 10:44:35.691147', '11.0'),
(377513, 16, 28, 16, '2017-01-19 12:29:49.524085', '11.0'),
(375286, 16, 28, 15, '2017-01-18 12:56:56.821822', '11.0'),
(372080, 15, 28, 13, '2017-01-17 08:18:07.655854', '11.0'),
(366775, 15, 28, 10, '2017-01-12 13:33:40.930508', '11.0'),
(384808, 15, 28, 22, '2017-01-23 17:11:15.596773', '11.0'),
(368770, 15, 28, 11, '2017-01-13 13:36:56.020593', '11.0'),
(382786, 15, 28, 20, '2017-01-23 10:52:40.483393', '11.0'),
(400824, 16, 28, 24, '2017-01-30 09:51:33.931882', '11.0'),
(446935, 16, 28, 34, '2017-02-09 16:09:12.877737', '11.0'),
(449448, 16, 28, 35, '2017-02-10 09:00:05.897127', '11.0'),
(457490, 16, 28, 36, '2017-02-13 10:24:11.100337', '11.0'),
(402294, 16, 28, 25, '2017-01-30 13:50:02.320999', '11.0'),
(461222, 18, 28, 39, '2017-02-13 16:10:15.298703', '11.0'),
(462047, 15, 28, 40, '2017-02-13 17:32:12.027394', '11.0'),
(457949, 16, 28, 37, '2017-02-13 11:02:55.717081', '11.0'),
(459250, 16, 28, 38, '2017-02-13 13:13:03.789011', '11.0'),
(407633, 18, 28, 26, '2017-01-31 14:52:20.585644', '11.0'),
(462691, 15, 28, 41, '2017-02-13 19:37:05.0415', '11.0'),
(467804, 16, 28, 45, '2017-02-14 15:29:34.227508', '11.0'),
(410400, 18, 28, 27, '2017-02-01 10:10:54.943916', '11.0'),
(411433, 18, 28, 28, '2017-02-01 12:38:00.140466', '11.0'),
(467926, 16, 28, 46, '2017-02-14 15:40:41.828752', '11.0'),
(463520, 17, 28, 42, '2017-02-14 08:21:37.933653', '11.0'),
(463883, 15, 28, 43, '2017-02-14 09:11:06.113738', '11.0'),
(464200, 15, 28, 44, '2017-02-14 09:47:06.233124', '11.0'),
(470569, 17, 28, 47, '2017-02-15 09:12:35.154935', '11.0'),
(484248, 16, 28, 49, '2017-02-17 08:46:59.137479', '11.0'),
(420810, 14, 28, 29, '2017-02-03 10:34:31.420914', '11.0'),
(472239, 16, 28, 48, '2017-02-15 12:08:05.025986', '11.0'),
(425547, 16, 28, 30, '2017-02-06 08:59:17.317128', '11.0'),
(497054, 14, 28, 51, '2017-02-20 16:14:18.024057', '11.0'),
(433971, 17, 28, 31, '2017-02-07 14:36:54.43861', '11.0'),
(434317, 16, 28, 32, '2017-02-07 15:14:05.444664', '11.0'),
(488429, 16, 28, 50, '2017-02-17 14:38:42.196434', '11.0'),
(373417, 16, 29, 10, '2017-01-17 14:49:39.02018', '11.0'),
(439531, 16, 29, 29, '2017-02-08 14:08:32.437462', '11.0'),
(363185, 15, 29, 3, '2017-01-10 10:24:24.170785', '11.0'),
(364404, 16, 29, 4, '2017-01-11 10:02:04.883353', '11.0'),
(364434, 16, 29, 5, '2017-01-11 10:18:12.356237', '11.0'),
(365010, 16, 29, 6, '2017-01-11 14:38:29.418274', '11.0'),
(383144, 15, 29, 17, '2017-01-23 12:13:59.182205', '11.0'),
(379548, 16, 29, 14, '2017-01-20 09:06:02.447274', '11.0'),
(371285, 15, 29, 8, '2017-01-16 15:35:12.736539', '11.0'),
(356707, 14, 29, 1, '2016-12-22 08:42:22.541056', '11.0'),
(379672, 16, 29, 15, '2017-01-20 09:44:09.01678', '11.0'),
(356705, 14, 29, 0, '2016-12-22 08:41:54.76868', '11.0'),
(392143, 18, 29, 19, '2017-01-26 08:34:05.645966', '11.0'),
(366781, 15, 29, 7, '2017-01-12 13:34:51.886128', '11.0'),
(357016, 14, 29, 2, '2016-12-22 10:53:21.969063', '11.0'),
(377804, 16, 29, 13, '2017-01-19 13:34:11.879227', '11.0'),
(372112, 15, 29, 9, '2017-01-17 08:34:24.688056', '11.0'),
(375505, 16, 29, 11, '2017-01-18 13:48:34.573', '11.0'),
(384802, 15, 29, 18, '2017-01-23 17:09:59.594419', '11.0'),
(375980, 16, 29, 12, '2017-01-18 15:49:00.310086', '11.0'),
(382805, 15, 29, 16, '2017-01-23 10:55:16.343154', '11.0'),
(462099, 15, 29, 32, '2017-02-13 17:37:21.99027', '11.0'),
(392995, 16, 29, 20, '2017-01-26 11:37:33.593952', '11.0'),
(401401, 16, 29, 21, '2017-01-30 11:27:41.821742', '11.0'),
(402327, 16, 29, 22, '2017-01-30 13:53:58.693136', '11.0'),
(452908, 17, 29, 30, '2017-02-10 14:43:41.945401', '11.0'),
(461289, 18, 29, 31, '2017-02-13 16:16:24.845074', '11.0'),
(462523, 18, 29, 33, '2017-02-13 18:49:06.297774', '11.0'),
(462702, 15, 29, 34, '2017-02-13 19:44:56.250722', '11.0'),
(408085, 18, 29, 23, '2017-01-31 15:45:37.876291', '11.0'),
(411537, 18, 29, 24, '2017-02-01 12:53:00.432919', '11.0'),
(463356, 16, 29, 35, '2017-02-14 07:49:08.660481', '11.0'),
(414675, 18, 29, 25, '2017-02-02 08:35:31.013414', '11.0'),
(463850, 15, 29, 36, '2017-02-14 09:08:22.414048', '11.0'),
(464235, 15, 29, 37, '2017-02-14 09:50:37.912341', '11.0'),
(484333, 16, 29, 41, '2017-02-17 08:58:15.569928', '11.0'),
(420825, 14, 29, 26, '2017-02-03 10:36:34.215978', '11.0'),
(425625, 16, 29, 27, '2017-02-06 09:14:16.495461', '11.0'),
(466079, 16, 29, 38, '2017-02-14 12:52:35.139348', '11.0'),
(466106, 16, 29, 39, '2017-02-14 12:55:28.013799', '11.0'),
(497090, 14, 29, 43, '2017-02-20 16:17:31.059361', '11.0'),
(434823, 17, 29, 28, '2017-02-07 16:07:47.342108', '11.0'),
(467416, 16, 29, 40, '2017-02-14 14:54:51.188357', '11.0'),
(488496, 16, 29, 42, '2017-02-17 14:43:38.734278', '11.0'),
(363184, 15, 30, 5, '2017-01-10 10:23:49.360109', '11.0'),
(434280, 17, 30, 22, '2017-02-07 15:09:45.000289', '11.0'),
(364308, 16, 30, 6, '2017-01-11 09:11:16.064016', '11.0'),
(358748, 16, 30, 3, '2017-01-02 13:27:15.251837', '11.0'),
(362431, 16, 30, 4, '2017-01-09 15:14:43.206913', '11.0'),
(383094, 15, 30, 15, '2017-01-23 12:02:04.97104', '11.0'),
(366778, 15, 30, 7, '2017-01-12 13:34:13.074942', '11.0'),
(379532, 16, 30, 13, '2017-01-20 09:00:40.556721', '11.0'),
(356702, 14, 30, 0, '2016-12-22 08:41:02.907669', '11.0'),
(356704, 14, 30, 1, '2016-12-22 08:41:28.81339', '11.0'),
(392138, 18, 30, 17, '2017-01-26 08:32:11.557749', '11.0'),
(357003, 14, 30, 2, '2016-12-22 10:46:43.87061', '11.0'),
(377730, 16, 30, 12, '2017-01-19 13:20:03.877214', '11.0'),
(375405, 16, 30, 10, '2017-01-18 13:21:21.530968', '11.0'),
(372097, 15, 30, 9, '2017-01-17 08:25:46.436363', '11.0'),
(384809, 15, 30, 16, '2017-01-23 17:11:39.565509', '11.0'),
(375894, 16, 30, 11, '2017-01-18 15:30:30.685341', '11.0'),
(368773, 15, 30, 8, '2017-01-13 13:37:51.259594', '11.0'),
(382796, 15, 30, 14, '2017-01-23 10:54:03.152423', '11.0'),
(400868, 16, 30, 18, '2017-01-30 09:57:56.258381', '11.0'),
(461799, 18, 30, 28, '2017-02-13 17:03:30.450488', '11.0'),
(462036, 15, 30, 29, '2017-02-13 17:30:57.154914', '11.0'),
(446950, 16, 30, 24, '2017-02-09 16:11:00.366834', '11.0'),
(439634, 16, 30, 23, '2017-02-08 14:20:35.698215', '11.0'),
(458025, 16, 30, 25, '2017-02-13 11:11:07.175959', '11.0'),
(461172, 16, 30, 27, '2017-02-13 16:04:19.887955', '11.0'),
(459903, 16, 30, 26, '2017-02-13 14:12:17.468602', '11.0'),
(462692, 15, 30, 30, '2017-02-13 19:37:38.451802', '11.0'),
(463545, 16, 30, 31, '2017-02-14 08:26:17.695405', '11.0'),
(463775, 16, 30, 32, '2017-02-14 08:59:32.698', '11.0'),
(414648, 18, 30, 19, '2017-02-02 08:31:10.463936', '11.0'),
(463882, 15, 30, 33, '2017-02-14 09:10:54.64649', '11.0'),
(464207, 15, 30, 34, '2017-02-14 09:47:58.184024', '11.0'),
(420817, 14, 30, 20, '2017-02-03 10:35:31.948684', '11.0'),
(425559, 16, 30, 21, '2017-02-06 09:01:18.200951', '11.0'),
(497081, 14, 30, 35, '2017-02-20 16:16:51.082747', '11.0'),
(363195, 15, 31, 4, '2017-01-10 10:30:18.598242', '11.0'),
(358816, 16, 31, 3, '2017-01-02 15:26:38.324916', '11.0'),
(364664, 16, 31, 5, '2017-01-11 12:27:35.42253', '11.0'),
(364686, 16, 31, 6, '2017-01-11 12:36:06.350185', '11.0'),
(365152, 16, 31, 7, '2017-01-11 15:16:35.681745', '11.0'),
(365308, 16, 31, 8, '2017-01-11 15:57:27.88371', '11.0'),
(383210, 15, 31, 20, '2017-01-23 12:21:46.741075', '11.0'),
(366989, 15, 31, 9, '2017-01-12 14:29:27.377001', '11.0'),
(379566, 16, 31, 17, '2017-01-20 09:14:29.460431', '11.0'),
(371302, 15, 31, 11, '2017-01-16 15:38:38.836683', '11.0'),
(356708, 14, 31, 0, '2016-12-22 08:42:50.18793', '11.0'),
(356709, 14, 31, 1, '2016-12-22 08:43:10.245008', '11.0'),
(379731, 16, 31, 18, '2017-01-20 09:58:51.220637', '11.0'),
(392146, 18, 31, 22, '2017-01-26 08:35:19.745075', '11.0'),
(383949, 15, 31, 21, '2017-01-23 14:34:28.298979', '11.0'),
(357022, 14, 31, 2, '2016-12-22 10:55:18.577631', '11.0'),
(372126, 15, 31, 12, '2017-01-17 08:40:16.387493', '11.0'),
(378271, 16, 31, 16, '2017-01-19 15:11:19.468579', '11.0'),
(375633, 16, 31, 14, '2017-01-18 14:25:22.893243', '11.0'),
(372433, 16, 31, 13, '2017-01-17 10:21:06.185839', '11.0'),
(375969, 16, 31, 15, '2017-01-18 15:47:22.272094', '11.0'),
(368760, 15, 31, 10, '2017-01-13 13:35:13.053662', '11.0'),
(382807, 15, 31, 19, '2017-01-23 10:56:18.84422', '11.0'),
(462257, 15, 31, 43, '2017-02-13 17:58:08.774842', '11.0'),
(461386, 18, 31, 42, '2017-02-13 16:24:18.429507', '11.0'),
(401501, 16, 31, 23, '2017-01-30 11:47:41.189556', '11.0'),
(401516, 16, 31, 24, '2017-01-30 11:49:56.363044', '11.0'),
(447026, 16, 31, 35, '2017-02-09 16:18:07.834819', '11.0'),
(447195, 16, 31, 36, '2017-02-09 16:33:16.185523', '11.0'),
(402018, 16, 31, 25, '2017-01-30 13:11:29.854426', '11.0'),
(402442, 16, 31, 26, '2017-01-30 14:08:50.626406', '11.0'),
(445644, 17, 31, 33, '2017-02-09 14:11:01.460119', '11.0'),
(440125, 16, 31, 32, '2017-02-08 15:10:51.893279', '11.0'),
(445673, 17, 31, 34, '2017-02-09 14:13:31.646084', '11.0'),
(452978, 16, 31, 37, '2017-02-10 14:50:53.51226', '11.0'),
(458127, 17, 31, 40, '2017-02-13 11:22:32.061694', '11.0'),
(458143, 17, 31, 41, '2017-02-13 11:24:33.748077', '11.0'),
(453386, 17, 31, 38, '2017-02-10 15:29:58.009212', '11.0'),
(457196, 16, 31, 39, '2017-02-13 09:58:53.38222', '11.0'),
(462547, 18, 31, 45, '2017-02-13 18:54:19.306425', '11.0'),
(462451, 18, 31, 44, '2017-02-13 18:32:53.300186', '11.0'),
(462822, 15, 31, 46, '2017-02-13 20:25:02.639048', '11.0'),
(408893, 18, 31, 27, '2017-01-31 17:49:59.726034', '11.0'),
(410140, 18, 31, 28, '2017-02-01 09:33:28.097733', '11.0'),
(411837, 18, 31, 29, '2017-02-01 13:32:26.713119', '11.0'),
(463566, 17, 31, 47, '2017-02-14 08:29:22.138825', '11.0'),
(463842, 15, 31, 48, '2017-02-14 09:07:43.580405', '11.0'),
(420831, 14, 31, 30, '2017-02-03 10:37:28.971572', '11.0'),
(484428, 16, 31, 50, '2017-02-17 09:07:49.681431', '11.0'),
(425712, 16, 31, 31, '2017-02-06 09:27:21.024296', '11.0'),
(497197, 14, 31, 51, '2017-02-20 16:28:42.201537', '11.0'),
(466897, 16, 31, 49, '2017-02-14 14:11:20.922326', '11.0'),
(438890, 17, 32, 14, '2017-02-08 12:59:31.97812', '11.0'),
(376911, 16, 32, 3, '2017-01-19 09:43:42.1681', '11.0'),
(383715, 15, 32, 7, '2017-01-23 13:57:50.158728', '11.0'),
(392168, 18, 32, 9, '2017-01-26 08:42:08.500934', '11.0'),
(377484, 16, 32, 4, '2017-01-19 12:24:33.746206', '11.0'),
(384786, 15, 32, 8, '2017-01-23 17:07:09.815187', '11.0'),
(372282, 12, 32, 0, '2017-01-17 09:44:48.677786', '11.0'),
(372284, 12, 32, 1, '2017-01-17 09:45:12.001957', '11.0'),
(375680, 16, 32, 2, '2017-01-18 14:35:47.171554', '11.0'),
(382312, 16, 32, 5, '2017-01-23 08:55:46.219308', '11.0'),
(382403, 16, 32, 6, '2017-01-23 09:26:43.501326', '11.0'),
(457290, 16, 32, 18, '2017-02-13 10:08:31.26911', '11.0'),
(445288, 16, 32, 15, '2017-02-09 13:32:19.500625', '11.0'),
(447150, 16, 32, 16, '2017-02-09 16:28:27.057163', '11.0'),
(402987, 16, 32, 10, '2017-01-30 15:20:21.917621', '11.0'),
(457701, 16, 32, 19, '2017-02-13 10:41:45.85256', '11.0'),
(457734, 16, 32, 20, '2017-02-13 10:44:37.12773', '11.0'),
(458450, 17, 32, 21, '2017-02-13 11:56:19.367679', '11.0'),
(457067, 16, 32, 17, '2017-02-13 09:46:28.332914', '11.0'),
(462408, 15, 32, 22, '2017-02-13 18:27:22.72242', '11.0'),
(462833, 15, 32, 23, '2017-02-13 20:28:22.287389', '11.0'),
(488607, 15, 32, 31, '2017-02-17 14:52:22.183331', '11.0'),
(467618, 16, 32, 27, '2017-02-14 15:12:01.391326', '11.0'),
(463627, 16, 32, 24, '2017-02-14 08:38:26.82243', '11.0'),
(463929, 15, 32, 25, '2017-02-14 09:15:40.813799', '11.0'),
(464189, 15, 32, 26, '2017-02-14 09:46:16.176633', '11.0'),
(420858, 14, 32, 11, '2017-02-03 10:40:59.55794', '11.0'),
(484719, 16, 32, 29, '2017-02-17 09:37:47.537719', '11.0'),
(484874, 16, 32, 30, '2017-02-17 09:50:43.176821', '11.0'),
(427390, 17, 32, 12, '2017-02-06 13:12:33.793908', '11.0'),
(472932, 17, 32, 28, '2017-02-15 13:15:26.623957', '11.0'),
(433231, 16, 32, 13, '2017-02-07 13:07:18.601979', '11.0'),
(497211, 14, 32, 32, '2017-02-20 16:30:14.618196', '11.0'),
(364679, 15, 33, 6, '2017-01-11 12:34:12.50758', '11.0'),
(330768, 12, 33, 1, '2016-11-03 14:50:58.834444', '11.0'),
(330767, 12, 33, 0, '2016-11-03 14:50:46.991374', '11.0'),
(359526, 16, 33, 5, '2017-01-04 09:33:24.118296', '11.0'),
(383735, 15, 33, 7, '2017-01-23 13:59:48.18456', '11.0'),
(349749, 18, 33, 3, '2016-12-14 12:05:37.239899', '11.0'),
(356746, 18, 33, 4, '2016-12-22 09:06:13.486717', '11.0'),
(392156, 18, 33, 9, '2017-01-26 08:38:52.852544', '11.0'),
(398578, 17, 33, 12, '2017-01-27 15:22:16.108915', '11.0'),
(394614, 17, 33, 10, '2017-01-26 15:54:19.596687', '11.0'),
(384789, 15, 33, 8, '2017-01-23 17:07:35.744522', '11.0'),
(346874, 16, 33, 2, '2016-12-08 14:14:27.903409', '11.0'),
(396391, 17, 33, 11, '2017-01-27 10:03:14.436967', '11.0'),
(457370, 17, 33, 39, '2017-02-13 10:14:14.433298', '11.0'),
(447442, 16, 33, 32, '2017-02-09 17:00:57.340287', '11.0'),
(451030, 17, 33, 33, '2017-02-10 11:45:41.223415', '11.0'),
(402022, 17, 33, 13, '2017-01-30 13:12:07.537234', '11.0'),
(402140, 16, 33, 14, '2017-01-30 13:29:43.23421', '11.0'),
(402862, 17, 33, 15, '2017-01-30 15:05:31.032053', '11.0'),
(403008, 16, 33, 16, '2017-01-30 15:23:56.756626', '11.0'),
(452852, 17, 33, 35, '2017-02-10 14:39:19.514413', '11.0'),
(403240, 16, 33, 17, '2017-01-30 15:53:52.335708', '11.0'),
(459232, 16, 33, 42, '2017-02-13 13:10:54.352288', '11.0'),
(445775, 16, 33, 31, '2017-02-09 14:23:16.87475', '11.0'),
(453199, 16, 33, 36, '2017-02-10 15:12:47.86879', '11.0'),
(444790, 17, 33, 30, '2017-02-09 12:45:39.132925', '11.0'),
(451654, 14, 33, 34, '2017-02-10 12:48:58.260278', '11.0'),
(453364, 17, 33, 37, '2017-02-10 15:27:41.401969', '11.0'),
(453427, 16, 33, 38, '2017-02-10 15:34:28.29453', '11.0'),
(458244, 17, 33, 40, '2017-02-13 11:37:10.14131', '11.0'),
(458382, 17, 33, 41, '2017-02-13 11:50:37.849354', '11.0'),
(407697, 17, 33, 18, '2017-01-31 14:58:26.30412', '11.0'),
(462411, 15, 33, 43, '2017-02-13 18:27:48.879311', '11.0'),
(462829, 15, 33, 44, '2017-02-13 20:27:22.500326', '11.0'),
(410014, 18, 33, 19, '2017-02-01 09:12:29.171303', '11.0'),
(463411, 16, 33, 45, '2017-02-14 08:01:40.085185', '11.0'),
(413423, 17, 33, 20, '2017-02-01 16:47:05.857559', '11.0'),
(463968, 15, 33, 46, '2017-02-14 09:20:19.427413', '11.0'),
(470494, 17, 33, 50, '2017-02-15 09:03:40.589323', '11.0'),
(464245, 15, 33, 47, '2017-02-14 09:51:31.331984', '11.0'),
(470800, 17, 33, 51, '2017-02-15 09:38:47.49802', '11.0'),
(420437, 17, 33, 21, '2017-02-03 09:49:02.849718', '11.0'),
(420523, 17, 33, 22, '2017-02-03 10:00:03.776631', '11.0'),
(420852, 14, 33, 23, '2017-02-03 10:39:52.341462', '11.0'),
(490794, 17, 33, 55, '2017-02-18 09:34:33.932051', '11.0'),
(490828, 17, 33, 56, '2017-02-18 10:36:30.589119', '11.0'),
(490894, 17, 33, 57, '2017-02-18 11:39:27.837047', '11.0'),
(423561, 17, 33, 24, '2017-02-03 16:15:05.240161', '11.0'),
(472795, 17, 33, 52, '2017-02-15 13:00:48.937092', '11.0'),
(427173, 17, 33, 25, '2017-02-06 12:45:07.900736', '11.0'),
(427810, 14, 33, 26, '2017-02-06 13:57:37.138457', '11.0'),
(430989, 17, 33, 27, '2017-02-07 08:44:00.924332', '11.0'),
(474463, 17, 33, 53, '2017-02-15 15:49:36.247679', '11.0'),
(497189, 14, 33, 58, '2017-02-20 16:27:50.278818', '11.0'),
(434810, 17, 33, 28, '2017-02-07 16:06:10.386421', '11.0'),
(466993, 16, 33, 48, '2017-02-14 14:19:37.145224', '11.0'),
(467179, 17, 33, 49, '2017-02-14 14:35:18.901836', '11.0'),
(488406, 16, 33, 54, '2017-02-17 14:36:53.470355', '11.0'),
(438348, 17, 33, 29, '2017-02-08 11:55:37.328552', '11.0'),
(443298, 16, 34, 17, '2017-02-09 10:06:26.541928', '11.0'),
(439550, 17, 34, 16, '2017-02-08 14:11:03.552316', '11.0'),
(375707, 16, 34, 2, '2017-01-18 14:42:27.922353', '11.0'),
(376909, 16, 34, 3, '2017-01-19 09:43:13.244773', '11.0'),
(383666, 15, 34, 4, '2017-01-23 13:48:07.885851', '11.0'),
(383896, 15, 34, 5, '2017-01-23 14:26:47.188735', '11.0'),
(392182, 18, 34, 7, '2017-01-26 08:45:22.600157', '11.0'),
(384771, 15, 34, 6, '2017-01-23 17:03:41.084318', '11.0'),
(372288, 12, 34, 0, '2017-01-17 09:45:33.02555', '11.0'),
(372289, 12, 34, 1, '2017-01-17 09:45:57.883023', '11.0'),
(446780, 16, 34, 19, '2017-02-09 15:54:39.947068', '11.0'),
(402536, 17, 34, 8, '2017-01-30 14:19:57.204632', '11.0'),
(460977, 16, 34, 24, '2017-02-13 15:48:16.355139', '11.0'),
(462004, 18, 34, 26, '2017-02-13 17:27:18.968869', '11.0'),
(461619, 16, 34, 25, '2017-02-13 16:45:29.230682', '11.0'),
(459245, 17, 34, 23, '2017-02-13 13:12:18.201978', '11.0'),
(458212, 16, 34, 21, '2017-02-13 11:33:18.232773', '11.0'),
(458440, 16, 34, 22, '2017-02-13 11:55:07.828634', '11.0'),
(445212, 16, 34, 18, '2017-02-09 13:24:18.344628', '11.0'),
(449138, 16, 34, 20, '2017-02-10 08:16:21.738269', '11.0'),
(462422, 18, 34, 27, '2017-02-13 18:28:36.487972', '11.0'),
(462568, 15, 34, 28, '2017-02-13 18:59:48.736003', '11.0'),
(462838, 15, 34, 29, '2017-02-13 20:29:32.366077', '11.0'),
(463444, 16, 34, 30, '2017-02-14 08:08:19.975703', '11.0'),
(403376, 16, 34, 9, '2017-01-30 16:09:48.249792', '11.0'),
(414823, 18, 34, 10, '2017-02-02 09:00:51.404304', '11.0'),
(464254, 15, 34, 31, '2017-02-14 09:52:19.916361', '11.0'),
(420871, 14, 34, 11, '2017-02-03 10:42:22.212707', '11.0'),
(484811, 16, 34, 39, '2017-02-17 09:46:04.903445', '11.0'),
(423419, 16, 34, 12, '2017-02-03 15:56:20.836192', '11.0'),
(472487, 16, 34, 34, '2017-02-15 12:29:57.034387', '11.0'),
(472722, 16, 34, 35, '2017-02-15 12:54:30.098589', '11.0'),
(480529, 16, 34, 38, '2017-02-16 14:30:04.442588', '11.0'),
(427371, 17, 34, 13, '2017-02-06 13:10:35.490754', '11.0'),
(472992, 17, 34, 36, '2017-02-15 13:22:01.513118', '11.0'),
(465942, 16, 34, 32, '2017-02-14 12:39:05.174781', '11.0'),
(473827, 16, 34, 37, '2017-02-15 14:45:09.468145', '11.0'),
(433355, 16, 34, 14, '2017-02-07 13:20:38.80958', '11.0'),
(497205, 14, 34, 40, '2017-02-20 16:29:29.941469', '11.0'),
(467280, 16, 34, 33, '2017-02-14 14:43:04.972492', '11.0'),
(438586, 16, 34, 15, '2017-02-08 12:24:32.719479', '11.0'),
(363335, 15, 35, 4, '2017-01-10 11:36:58.073762', '11.0'),
(363865, 16, 35, 5, '2017-01-10 15:39:04.276945', '11.0'),
(364259, 16, 35, 6, '2017-01-11 08:28:34.947345', '11.0'),
(359187, 16, 35, 3, '2017-01-03 14:44:54.564839', '11.0'),
(366666, 15, 35, 7, '2017-01-12 12:52:32.445195', '11.0'),
(376939, 16, 35, 10, '2017-01-19 09:51:28.92131', '11.0'),
(371276, 15, 35, 9, '2017-01-16 15:33:23.811702', '11.0'),
(356695, 14, 35, 1, '2016-12-22 08:38:33.857261', '11.0'),
(356694, 14, 35, 0, '2016-12-22 08:38:21.850845', '11.0'),
(356989, 14, 35, 2, '2016-12-22 10:38:45.434908', '11.0'),
(382818, 15, 35, 11, '2017-01-23 10:57:46.265309', '11.0'),
(368987, 15, 35, 8, '2017-01-13 14:41:22.106231', '11.0'),
(452740, 16, 35, 15, '2017-02-10 14:28:50.100635', '11.0'),
(461938, 15, 35, 17, '2017-02-13 17:20:46.96255', '11.0'),
(457065, 16, 35, 16, '2017-02-13 09:46:24.344947', '11.0'),
(439344, 16, 35, 14, '2017-02-08 13:47:49.362848', '11.0'),
(462668, 15, 35, 18, '2017-02-13 19:29:29.241587', '11.0'),
(392186, 18, 35, 12, '2017-01-26 08:47:19.345192', '11.0'),
(420880, 14, 35, 13, '2017-02-03 10:43:02.854954', '11.0'),
(496969, 14, 35, 19, '2017-02-20 16:08:33.449334', '11.0'),
(363109, 15, 36, 6, '2017-01-10 10:07:26.387265', '11.0'),
(363305, 15, 36, 7, '2017-01-10 11:11:17.743996', '11.0'),
(363372, 16, 36, 8, '2017-01-10 11:56:56.306033', '11.0'),
(363620, 16, 36, 9, '2017-01-10 13:55:45.201539', '11.0'),
(362013, 16, 36, 5, '2017-01-09 11:08:08.93148', '11.0'),
(358726, 16, 36, 3, '2017-01-02 12:51:29.409709', '11.0'),
(359128, 16, 36, 4, '2017-01-03 13:25:20.393264', '11.0'),
(382997, 15, 36, 23, '2017-01-23 11:39:26.858661', '11.0'),
(364262, 16, 36, 10, '2017-01-11 08:29:24.753439', '11.0'),
(366774, 15, 36, 11, '2017-01-12 13:33:21.622191', '11.0'),
(374308, 16, 36, 15, '2017-01-18 07:53:58.981037', '11.0'),
(379505, 16, 36, 19, '2017-01-20 08:51:03.86942', '11.0'),
(371278, 15, 36, 14, '2017-01-16 15:34:02.646169', '11.0'),
(379618, 16, 36, 20, '2017-01-20 09:31:38.298041', '11.0'),
(356698, 14, 36, 1, '2016-12-22 08:40:01.237447', '11.0'),
(356697, 14, 36, 0, '2016-12-22 08:39:33.834007', '11.0'),
(392129, 18, 36, 25, '2017-01-26 08:29:56.292776', '11.0'),
(356995, 14, 36, 2, '2016-12-22 10:43:20.575996', '11.0'),
(377510, 16, 36, 18, '2017-01-19 12:29:09.775561', '11.0'),
(375291, 16, 36, 16, '2017-01-18 12:57:19.952626', '11.0'),
(384811, 15, 36, 24, '2017-01-23 17:12:28.43487', '11.0'),
(375870, 16, 36, 17, '2017-01-18 15:22:29.308735', '11.0'),
(368779, 15, 36, 12, '2017-01-13 13:39:04.975331', '11.0'),
(382671, 15, 36, 21, '2017-01-23 10:27:31.967535', '11.0'),
(382784, 15, 36, 22, '2017-01-23 10:52:17.240346', '11.0'),
(368983, 15, 36, 13, '2017-01-13 14:41:03.246435', '11.0'),
(449225, 16, 36, 35, '2017-02-10 08:30:36.623404', '11.0'),
(461211, 18, 36, 37, '2017-02-13 16:08:11.780437', '11.0'),
(400695, 16, 36, 26, '2017-01-30 09:29:06.407225', '11.0'),
(406665, 18, 36, 27, '2017-01-31 12:55:23.528232', '11.0'),
(461935, 15, 36, 38, '2017-02-13 17:20:27.923204', '11.0'),
(457102, 16, 36, 36, '2017-02-13 09:49:13.376368', '11.0'),
(443417, 16, 36, 34, '2017-02-09 10:18:55.800628', '11.0'),
(462669, 15, 36, 39, '2017-02-13 19:30:05.900551', '11.0'),
(462676, 15, 36, 40, '2017-02-13 19:32:23.054653', '11.0'),
(467716, 16, 36, 43, '2017-02-14 15:20:31.985175', '11.0'),
(467849, 16, 36, 44, '2017-02-14 15:33:54.913769', '11.0'),
(411219, 18, 36, 28, '2017-02-01 12:07:47.233565', '11.0'),
(414627, 18, 36, 29, '2017-02-02 08:26:23.786361', '11.0'),
(464197, 15, 36, 41, '2017-02-14 09:46:46.150178', '11.0'),
(470519, 17, 36, 45, '2017-02-15 09:06:35.486871', '11.0'),
(484222, 16, 36, 50, '2017-02-17 08:43:01.901017', '11.0'),
(420388, 16, 36, 30, '2017-02-03 09:42:55.775204', '11.0'),
(420803, 14, 36, 31, '2017-02-03 10:33:53.550398', '11.0'),
(472179, 16, 36, 46, '2017-02-15 12:00:44.859454', '11.0'),
(472209, 16, 36, 47, '2017-02-15 12:04:39.19395', '11.0'),
(480398, 16, 36, 49, '2017-02-16 14:17:53.994016', '11.0'),
(425809, 16, 36, 32, '2017-02-06 09:40:00.896443', '11.0'),
(472761, 16, 36, 48, '2017-02-15 12:58:20.809611', '11.0'),
(497009, 14, 36, 52, '2017-02-20 16:11:05.021096', '11.0'),
(497194, 12, 36, 53, '2017-02-20 16:28:16.923801', '11.0'),
(434093, 17, 36, 33, '2017-02-07 14:50:18.74932', '11.0'),
(466941, 17, 36, 42, '2017-02-14 14:15:14.500539', '11.0'),
(488130, 16, 36, 51, '2017-02-17 14:16:26.275737', '11.0')
;

INSERT INTO chapter_access (chapter_access_person_id, chapter_access_chapter_id) 
    SELECT DISTINCT chapter_version_person_id, chapter_version_chapter_id FROM chapter_version;
